TerminalID,client_code,User_ID,T_code,T_alias,Branch,GRP,active,NeatID,Name
ASC003, ,ASC001, , , , , , ,
400067001005110, ,50015, , , , , , ,
400004001003110, ,MUM02, , , , , , ,
400004001020110, ,MUM02, , , , , , ,
400004001023110, ,MUM03, , , , , , ,
395001001010113, ,MUM03, , , , , , ,
395001001011113, ,MUM07, , , , , , ,
395001001042110, ,50025, , , , , , ,
400004001004110, ,MUM08, , , , , , ,
395001001008113, ,MUM04, , , , , , ,
400064001002110, ,50004, , , , , , ,
400064001003110, ,50005, , , , , , ,
400064001004110, ,50003, , , , , , ,
111111111111110, ,R5011, , , , , , ,
400064001001110, ,50031, , , , , , ,
400004001010110, ,MUM01, , , , , , ,
395001001025110, ,40038, , , , , , ,
395001001054110, ,50033, , , , , , ,
400064001007110, ,50036, , , , , , ,
395001001012113, ,MUM010, , , , , , ,
400064001012110, ,80017, , , , , , ,
395001001041110, ,40059, , , , , , ,
400004001001110, ,40059, , , , , , ,
395001001070110, ,50044, , , , , , ,
395001001030110, ,40070, , , , , , ,
395001001072110, ,R501, , , , , , ,
395001001065110, ,ASC049, , , , , , ,
34861, ,80002, , , , , , ,
35620, ,80035, , , , , , ,
395001001016110, ,40042, , , , , , ,
30570, ,80028, , , , , , ,
400004001079110, ,40090, , , , , , ,
395001001007110, ,40011, , , , , , ,
395001001007110, ,40011, , , , , , ,
395001001104110, ,50020, , , , , , ,
395001001106110, ,50035, , , , , , ,
395001001109110, ,50043, , , , , , ,
395001001110110, ,50001, , , , , , ,
395001001112110, ,50014, , , , , , ,
395001001011110, ,40090, , , , , , ,
395001001116110, ,50002, , , , , , ,
395001001102110, ,50010, , , , , , ,
395001001101110, ,50016, , , , , , ,
395001001108110, ,50019, , , , , , ,
395001001114110, ,50034, , , , , , ,
395001001117110, ,50048, , , , , , ,
395001001118110, ,50028, , , , , , ,
395001001120110, ,50027, , , , , , ,
395001001017110, ,40062, , , , , , ,
395001001017110, ,40062, , , , , , ,
395001001059110, ,ASC049, , , , , , ,
395001001059110, ,ASC049, , , , , , ,
395001001045110, ,70002, , , , , , ,
395001001052110, ,40087, , , , , , ,
395001001052110, ,40087, , , , , , ,
395001001121110, ,50042, , , , , , ,
395001001110110, ,50001, , , , , , ,
400004001060110, ,MUM011, , , , , , ,
395001001003113, ,40033, , , , , , ,
36104, ,80034, , , , , , ,
396445001001110, ,40130, , , , , , ,
395001001031110, ,40112, , , , , , ,
400064001049110, ,80075, , , , , , ,
395001001083110, ,40116, , , , , , ,
400007001009110, ,MUM08, , , , , , ,
400007001017110, ,MUM011, , , , , , ,
34836, ,80028, , , , , , ,
400007001056110, ,40122, , , , , , ,
400007001066110, ,40122, , , , , , ,
395001001060110, ,80085, , , , , , ,
395001001011110, ,40090, , , , , , ,
395001001016110, ,40042, , , , , , ,
396445001001110, ,40130, , , , , , ,
395001001087110, ,80028, , , , , , ,
400064001066110, ,80033, , , , , , ,
400064001011110, ,50039, , , , , , ,
400064001069110, ,80035, , , , , , ,
400007001090110, ,80085, , , , , , ,
395001001086110, ,90001, , , , , , ,
380009001008110, ,40150, , , , , , ,
395001001123110, ,50055, , , , , , ,
400064001024110, ,80025, , , , , , ,
400064001040110, ,80032, , , , , , ,
400064001045110, ,80047, , , , , , ,
400064001054110, ,80069, , , , , , ,
400064001059110, ,80065, , , , , , ,
400064001060110, ,80074, , , , , , ,
400064001063110, ,80071, , , , , , ,
34858, ,80039, , , , , , ,
400064001015110, ,80014, , , , , , ,
400064001025110, ,80030, , , , , , ,
35810, ,80033, , , , , , ,
34814, ,80005, , , , , , ,
35619, ,80007, , , , , , ,
37070, ,80006, , , , , , ,
37072, ,80001, , , , , , ,
37072, ,80001, , , , , , ,
37071, ,80020, , , , , , ,
400064001053110, ,80088, , , , , , ,
400064001070110, ,80088, , , , , , ,
396445001002110, ,40130, , , , , , ,
37118, ,80095, , , , , , ,
395001001103110, ,50022, , , , , , ,
400007001001110, ,40134, , , , , , ,
395001001128110, ,50057, , , , , , ,
395001001126110, ,50059, , , , , , ,
400064001018110, ,80102, , , , , , ,
395001001132110, ,50063, , , , , , ,
395001001133110, ,50064, , , , , , ,
395001001134110, ,50012, , , , , , ,
400064001057110, ,80091, , , , , , ,
396445001001113, ,40130, , , , , , ,
37072, ,80001, , , , , , ,
380009001009110, ,40150, , , , , , ,
360001001027110, ,40134, , , , , , ,
395001001027110, ,50007, , , , , , ,
400064001041110, ,80106, , , , , , ,
400007001084110, ,80100, , , , , , ,
400007001085110, ,80028, , , , , , ,
34860, ,80107, , , , , , ,
395001001021113, ,40033, , , , , , ,
395001001135110, ,50030, , , , , , ,
395001001136110, ,50023, , , , , , ,
395001001139110, ,50056, , , , , , ,
395001001140110, ,50041, , , , , , ,
395001001141110, ,50046, , , , , , ,
34803, ,80022, , , , , , ,
400007001013110, ,MUM013, , , , , , ,
400064001058110, ,80097, , , , , , ,
37652, ,80072, , , , , , ,
395001001208110, ,50054, , , , , , ,
360001001032110, ,40134, , , , , , ,
395001001149110, ,50067, , , , , , ,
395001001150110, ,50068, , , , , , ,
395001001148110, ,50070, , , , , , ,
395001001153110, ,50045, , , , , , ,
395001001154110, ,50061, , , , , , ,
395001001015110, ,ASC049, , , , , , ,
395001001015110, ,ASC049, , , , , , ,
400064001052110, ,80023, , , , , , ,
400064001075110, ,80086, , , , , , ,
395001001156110, ,50071, , , , , , ,
37717, ,80012, , , , , , ,
400064001074110, ,80105, , , , , , ,
37747, ,80073, , , , , , ,
400064001076110, ,80094, , , , , , ,
395001001157110, ,50074, , , , , , ,
400064001002000, ,40154, , , , , , ,
400007001010110, ,80100, , , , , , ,
37788, ,80028, , , , , , ,
400064001077110, ,80076, , , , , , ,
400064001078110, ,80103, , , , , , ,
400064001080110, ,80044, , , , , , ,
395001001001012, ,R5011, , , , , , ,
395001001001012, ,R5011, , , , , , ,
395001001001112, ,R5011, , , , , , ,
400064001079110, ,80062, , , , , , ,
99999, ,99001, , , , , , ,
99999, ,99001, , , , , , ,
99998, ,99001A, , , , , , ,
99998, ,99001A, , , , , , ,
395009001035110, ,40141, , , , , , ,
99999, ,99004, , , , , , ,
99998, ,99004A, , , , , , ,
37951, ,80004, , , , , , ,
37113, ,80087, , , , , , ,
99985, ,99007A, , , , , , ,
99986, ,99007B, , , , , , ,
99987, ,99007, , , , , , ,
38053, ,80066, , , , , , ,
395001001045110, ,70002, , , , , , ,
400064001021110, ,80024, , , , , , ,
400064001130110, ,80034, , , , , , ,
38115, ,80027, , , , , , ,
34817, ,80035, , , , , , ,
400007001110110, ,MUM015, , , , , , ,
400064001043110, ,80016, , , , , , ,
37072, ,80001, , , , , , ,
400064001083110, ,80114, , , , , , ,
400064001082110, ,80113, , , , , , ,
400086001007110, ,80096, , , , , , ,
400086001006110, ,80075, , , , , , ,
395001001162110, ,50077, , , , , , ,
395001001015110, ,ASC049, , , , , , ,
400064001084110, ,80013, , , , , , ,
395001001166110, ,50081, , , , , , ,
400064001064110, ,80036, , , , , , ,
400064001065110, ,80024, , , , , , ,
400071001084110, ,80100, , , , , , ,
400064001031110, ,80016, , , , , , ,
400064001037110, ,80034, , , , , , ,
38462, ,80008, , , , , , ,
395001001167110, ,50082, , , , , , ,
395001001163110, ,50076, , , , , , ,
400064001030110, ,80063, , , , , , ,
400064001047110, ,80089, , , , , , ,
400064001039110, ,80036, , , , , , ,
400064001017110, ,80074, , , , , , ,
395001001053110, ,40165, , , , , , ,
400064001026110, ,80031, , , , , , ,
400086001001110, ,80070, , , , , , ,
400064001062110, ,80016, , , , , , ,
37788, ,80028, , , , , , ,
400086001011110, ,80026, , , , , , ,
395001001168110, ,70006, , , , , , ,
400007001087110, ,80012, , , , , , ,
395001001171110, ,50079, , , , , , ,
395001001169110, ,50083, , , , , , ,
395001001170110, ,50084, , , , , , ,
400007001039110, ,MUM016, , , , , , ,
400007001007110, ,80012, , , , , , ,
395001001173110, ,50086, , , , , , ,
37788, ,80028, , , , , , ,
395001001015110, ,ASC049, , , , , , ,
395009001035110, ,40141, , , , , , ,
395001001508110, ,40172, , , , , , ,
400064001034110, ,80007, , , , , , ,
395001001510110, ,40173, , , , , , ,
38904, ,80019, , , , , , ,
395001001007110, ,40011, , , , , , ,
395001001001113, ,40011, , , , , , ,
395001001021113, ,40011, , , , , , ,
395001001001113, ,40011, , , , , , ,
360001001028110, ,ASC049, , , , , , ,
360001001028110, ,ASC049, , , , , , ,
360001001028110, ,ASC049, , , , , , ,
400007001128110, ,80100, , , , , , ,
400071001130110, ,80100, , , , , , ,
400064001067110, ,80012, , , , , , ,
34651, ,80009, , , , , , ,
396445001007110, ,40184, , , , , , ,
395001001175110, ,50087, , , , , , ,
400064001010110, ,80005, , , , , , ,
400064001008110, ,80005, , , , , , ,
395001001180110, ,50088, , , , , , ,
400064001204110, ,80010, , , , , , ,
360001001408110, ,40089A, , , , , , ,
35618, ,80052, , , , , , ,
400064001181110, ,80049, , , , , , ,
400064001022110, ,80118, , , , , , ,
400064001051110, ,80111, , , , , , ,
400001001182110, ,80028, , , , , , ,
400001001182110, ,80028, , , , , , ,
400001001131110, ,80012, , , , , , ,
400064001206110, ,80031, , , , , , ,
39076, ,70007, , , , , , ,
395001001183110, ,50090, , , , , , ,
395001001701000, ,40195, , , , , , ,
400001001149110, ,40196, , , , , , ,
395001001033110, ,80067, , , , , , ,
400064001205110, ,80043, , , , , , ,
400064001209110, ,80107, , , , , , ,
395003001004110, ,ASC049, , , , , , ,
37717, ,80012, , , , , , ,
395001001103113, ,99000, , , , , , ,
34734, ,80048, , , , , , ,
395001001178110, ,70005, , , , , , ,
395001001015110, ,ASC049, , , , , , ,
395001001064110, ,40360, , , , , , ,
37072, ,80001, , , , , , ,
37072, ,80001, , , , , , ,
400064001005110, ,80120, , , , , , ,
400064001019110, ,80042, , , , , , ,
400001001149110, ,40196, , , , , , ,
395001001007110, ,40011, , , , , , ,
396445001011110, ,40130, , , , , , ,
37072, ,80001, , , , , , ,
37072, ,80001, , , , , , ,
37072, ,80001, , , , , , ,
37072, ,80001, , , , , , ,
360001001017110, ,40224, , , , , , ,
37072, ,80001, , , , , , ,
37788, ,80028, , , , , , ,
400064001207110, ,50040, , , , , , ,
395001001184110, ,70007A, , , , , , ,
37072, ,80001, , , , , , ,
395001001185110, ,50092, , , , , , ,
37072, ,80001, , , , , , ,
395001001422110, ,70003, , , , , , ,
395001001002110, ,ASC049, , , , , , ,
395001001177110, ,40232, , , , , , ,
396445001108113, ,40300, , , , , , ,
400064001207110, ,50040, , , , , , ,
38541, ,80041, , , , , , ,
400064001211110, ,80121, , , , , , ,
395001001802122, ,40300, , , , , , ,
37788, ,80028, , , , , , ,
395001001803122, ,40011, , , , , , ,
400064001212110, ,80009, , , , , , ,
37788, ,80028, , , , , , ,
400064001213110, ,80061, , , , , , ,
400086001014110, ,80108, , , , , , ,
395001001020110, ,40102, , , , , , ,
42857, ,80090, , , , , , ,
400064001419110, ,80060, , , , , , ,
38023, ,80057, , , , , , ,
395001001431110, ,70113, , , , , , ,
400064001042110, ,80035, , , , , , ,
37072, ,80001, , , , , , ,
400064001214110, ,80115, , , , , , ,
37072, ,80001, , , , , , ,
400086001015110, ,80068, , , , , , ,
37788, ,80028, , , , , , ,
400064001023110, ,80025, , , , , , ,
111111111111122, ,40195, , , , , , ,
34862, ,80120, , , , , , ,
400086001018110, ,80096, , , , , , ,
395001001189110, ,50094, , , , , , ,
400007001004110, ,80096, , , , , , ,
37072, ,80001, , , , , , ,
400064001014110, ,80031, , , , , , ,
37788, ,80028, , , , , , ,
37717, ,80012, , , , , , ,
38578, ,80090, , , , , , ,
38508, ,80115, , , , , , ,
360001001019110, ,40269, , , , , , ,
395001001197110, ,50098, , , , , , ,
30859, ,30001, , , , , , ,
400064001027110, ,80033, , , , , , ,
400086001004110, ,80118, , , , , , ,
400086001020110, ,80104, , , , , , ,
34859, ,80069, , , , , , ,
400064001006110, ,80081, , , , , , ,
37919, ,80035, , , , , , ,
42360, ,80090, , , , , , ,
395001001198110, ,50100, , , , , , ,
395001001199110, ,50101, , , , , , ,
400064001032110, ,80080, , , , , , ,
400084001002110, ,80076, , , , , , ,
396445001006110, ,40177, , , , , , ,
400064001203110, ,80109, , , , , , ,
111111111111122, ,80122, , , , , , ,
400064001909110, ,80085, , , , , , ,
400086001023110, ,80068, , , , , , ,
400064001215110, ,80054, , , , , , ,
400064001908110, ,80010, , , , , , ,
111111111111122, ,40141A, , , , , , ,
111111111111122, ,40141B, , , , , , ,
395003001551110, ,60003, , , , , , ,
395001001002110, ,ASC049, , , , , , ,
395001001002110, ,ASC049, , , , , , ,
360001001033110, ,40177, , , , , , ,
400064001033110, ,80037, , , , , , ,
395001001701012, ,80059, , , , , , ,
380009001702012, ,80053, , , , , , ,
42639, ,80069, , , , , , ,
395001001701112, ,80059, , , , , , ,
380009001702112, ,80053, , , , , , ,
400064001912110, ,80061, , , , , , ,
400064001921110, ,80074, , , , , , ,
400064001073110, ,80029, , , , , , ,
395001001701112, ,80059, , , , , , ,
380009001702112, ,80053, , , , , , ,
395001001701012, ,80059, , , , , , ,
380009001702012, ,80053, , , , , , ,
37047, ,80035, , , , , , ,
400064001910110, ,80103, , , , , , ,
400064001056110, ,80111, , , , , , ,
395001001201110, ,50103, , , , , , ,
395001001202110, ,50104, , , , , , ,
395001001439110, ,70016, , , , , , ,
395001001443110, ,40155, , , , , , ,
395001001007110, ,ASC049, , , , , , ,
395001001203110, ,50105, , , , , , ,
395003001442110, ,60004, , , , , , ,
400064001914110, ,80044, , , , , , ,
400064001904110, ,80043, , , , , , ,
99980, ,ASC049, , , , , , ,
395003001448110, ,60005, , , , , , ,
400064001927110, ,80006, , , , , , ,
395001001103110, ,50022, , , , , , ,
395001001205110, ,50108, , , , , , ,
395001001443110, ,40155, , , , , , ,
400064001905110, ,80025, , , , , , ,
395001001102110, ,50010, , , , , , ,
34764, ,80009, , , , , , ,
34662, ,80007, , , , , , ,
37105, ,99000, , , , , , ,
395003001450110, ,60006, , , , , , ,
43048, ,80124, , , , , , ,
395001001435110, ,70017, , , , , , ,
111111111111122, ,40141G, , , , , , ,
395001001052110, ,40087, , , , , , ,
395003001458110, ,60015, , , , , , ,
395003001467110, ,60016, , , , , , ,
395001001103110, ,50022, , , , , , ,
400064001050110, ,80040, , , , , , ,
400093001440110, ,40276, , , , , , ,
395001001007110, ,ASC049, , , , , , ,
395001001007110, ,ASC049, , , , , , ,
395003001473110, ,60019, , , , , , ,
395003001474110, ,60020, , , , , , ,
395003001471110, ,60021, , , , , , ,
395001001105110, ,50107, , , , , , ,
395001001130110, ,50097, , , , , , ,
395001001195110, ,50091, , , , , , ,
395001001194110, ,50062, , , , , , ,
395001001207110, ,50058, , , , , , ,
395001001211110, ,50089, , , , , , ,
395001001190110, ,50093, , , , , , ,
395003001472110, ,60022, , , , , , ,
395003001475110, ,60023, , , , , , ,
395001001210110, ,50115, , , , , , ,
395001001212110, ,50116, , , , , , ,
395001001213110, ,50118, , , , , , ,
395001001209110, ,50119, , , , , , ,
395003001479110, ,60026, , , , , , ,
395001001443110, ,40155, , , , , , ,
400086001022110, ,80051, , , , , , ,
395003001480110, ,60027, , , , , , ,
34832, ,80105, , , , , , ,
400086001005110, ,80022, , , , , , ,
395001001304110, ,50501, , , , , , ,
395001001214110, ,50108, , , , , , ,
400064001915110, ,80049, , , , , , ,
395003001481110, ,60028, , , , , , ,
395001001216110, ,50120, , , , , , ,
395003001482110, ,60029, , , , , , ,
395003001483110, ,60030, , , , , , ,
395001001307110, ,50504, , , , , , ,
ASC516, ,40132A, , , , , , ,
ASC516, ,40369, , , , , , ,
400064001020110, ,80053, , , , , , ,
400064001036110, ,80059, , , , , , ,
395001001447110, ,40110, , , , , , ,
400064001174110, ,50006A, , , , , , ,
400064001179110, ,40284, , , , , , ,
400064001061110, ,40184, , , , , , ,
400093001415110, ,80096, , , , , , ,
400093001417110, ,70010, , , , , , ,
400086001465110, ,40130, , , , , , ,
400086001516110, ,40369, , , , , , ,
400086001537110, ,40134, , , , , , ,
395001001215110, ,50117, , , , , , ,
395001001196110, ,50052, , , , , , ,
395003001460110, ,60011, , , , , , ,
395001001470110, ,70018, , , , , , ,
395001001308110, ,50505, , , , , , ,
395001001013110, ,70011, , , , , , ,
43825, ,80105, , , , , , ,
395001001511110, ,ASC049, , , , , , ,
395001001511110, ,ASC049, , , , , , ,
395001001511110, ,ASC049, , , , , , ,
395001001511110, ,ASC049, , , , , , ,
400093001421110, ,80020, , , , , , ,
396445001006110, ,40177, , , , , , ,
395001001309110, ,50503, , , , , , ,
395001001310110, ,50109, , , , , , ,
395001001311110, ,50502, , , , , , ,
400001001150110, ,40241, , , , , , ,
395001001434110, ,40254A, , , , , , ,
400093001404110, ,70014, , , , , , ,
395001001158110, ,40379, , , , , , ,
400064001928110, ,80064, , , , , , ,
400086001025110, ,80076, , , , , , ,
395001001312110, ,50110, , , , , , ,
395001001217110, ,50122, , , , , , ,
395001001486110, ,40384, , , , , , ,
395001001052110, ,40087, , , , , , ,
395001001447110, ,40110, , , , , , ,
400093001417110, ,70010, , , , , , ,
395001001777110, ,50123, , , , , , ,
400086001026110, ,80056, , , , , , ,
400086001027110, ,80024, , , , , , ,
360001001033110, ,40177, , , , , , ,
400086001028110, ,80087, , , , , , ,
395001001001110, ,70020, , , , , , ,
395001001001110, ,70020, , , , , , ,
395001001489110, ,70021, , , , , , ,
395001001219110, ,50126, , , , , , ,
395001001486110, ,40384, , , , , , ,
360001001409110, ,40308, , , , , , ,
395003001490110, ,60032, , , , , , ,
395001001313110, ,50506, , , , , , ,
400092001122110, ,40241, , , , , , ,
400086001437110, ,40390, , , , , , ,
400064001930110, ,80121, , , , , , ,
400086001012110, ,80031, , , , , , ,
395001001805122, ,40300, , , , , , ,
400064001863122, ,80130, , , , , , ,
395001001494110, ,40371, , , , , , ,
395003001488110, ,60033, , , , , , ,
395001001007110, ,ASC049, , , , , , ,
111111111111122, ,40177B, , , , , , ,
111111111111122, ,40177C, , , , , , ,
111111111111122, ,40177E, , , , , , ,
395001001497110, ,70024, , , , , , ,
395001001499110, ,40184, , , , , , ,
395003001495110, ,60034, , , , , , ,
395001001220110, ,50127, , , , , , ,
395001001500110, ,40184, , , , , , ,
395001001414110, ,40227, , , , , , ,
400064001420110, ,ASC049, , , , , , ,
400064001420110, ,ASC049, , , , , , ,
400064001420110, ,ASC049, , , , , , ,
400064001420110, ,ASC049, , , , , , ,
400064001420110, ,ASC049, , , , , , ,
400064001420110, ,ASC049, , , , , , ,
396445001006110, ,40177, , , , , , ,
396445001006110, ,40177C, , , , , , ,
395001001301110, ,50507, , , , , , ,
111111111111122, ,70025, , , , , , ,
400064001934110, ,80111, , , , , , ,
400086001013110, ,80031, , , , , , ,
400086001016110, ,80096, , , , , , ,
395003001476110, ,60035, , , , , , ,
400064001418110, ,50031, , , , , , ,
400064001907110, ,80115, , , , , , ,
395003001415110, ,60036, , , , , , ,
395001001102110, ,50010, , , , , , ,
395001001135110, ,50030, , , , , , ,
400086001031110, ,80072, , , , , , ,
395001001314110, ,50508, , , , , , ,
395003001101110, ,30501, , , , , , ,
395003001102110, ,30502, , , , , , ,
395003001103110, ,30503, , , , , , ,
400064001916110, ,80017, , , , , , ,
395009001703112, ,90500, , , , , , ,
395001001430110, ,70026, , , , , , ,
400086001032110, ,80092, , , , , , ,
400093001412110, ,40312, , , , , , ,
395003001104110, ,30504, , , , , , ,
395003001105110, ,30505, , , , , , ,
400093001440110, ,40276, , , , , , ,
395001001200110, ,70028, , , , , , ,
395001001315110, ,50509, , , , , , ,
395001001317110, ,50511, , , , , , ,
395001001316110, ,50510, , , , , , ,
396445001006110, ,40177F, , , , , , ,
395003001106110, ,30506, , , , , , ,
395003001107110, ,30507, , , , , , ,
395003001108110, ,30508, , , , , , ,
395003001109110, ,30509, , , , , , ,
395003001110110, ,30510, , , , , , ,
395003001111110, ,30511, , , , , , ,
395001001804122, ,40177R, , , , , , ,
YASH4, ,40177G, , , , , , ,
YASH2, ,40177P, , , , , , ,
YASH3, ,40177I, , , , , , ,
YASH6, ,40177K, , , , , , ,
YASH7, ,40177T, , , , , , ,
YASH8, ,40177N, , , , , , ,
YASH11, ,40177O, , , , , , ,
ASS804, ,40177Q, , , , , , ,
395001001436110, ,70027, , , , , , ,
400064001706012, ,80034, , , , , , ,
400064001706112, ,80034, , , , , , ,
395003001112110, ,30512, , , , , , ,
395001001013110, ,70011, , , , , , ,
400064001001110, ,50031, , , , , , ,
400064001418110, ,50031, , , , , , ,
400064001201110, ,50031, , , , , , ,
400064001002110, ,50004, , , , , , ,
400064001003110, ,50005, , , , , , ,
400064001004110, ,50003, , , , , , ,
395003001113110, ,30513, , , , , , ,
395003001114110, ,30514, , , , , , ,
400064001420110, ,ASC049, , , , , , ,
395003001115110, ,30515, , , , , , ,
395003001116110, ,30516, , , , , , ,
45628, ,75001, , , , , , ,
45629, ,75002, , , , , , ,
395001001707112, ,75003, , , , , , ,
38570, ,80049, , , , , , ,
34650, ,80013, , , , , , ,
395003001117110, ,30517, , , , , , ,
111111111111110, ,40368, , , , , , ,
395001001151110, ,50128, , , , , , ,
395001001707012, ,75003, , , , , , ,
395001001478110, ,40405, , , , , , ,
395001001318110, ,50512, , , , , , ,
395001001064110, ,40360, , , , , , ,
395001003101110, ,75005, , , , , , ,
395001001441110, ,70030, , , , , , ,
395003001118110, ,30518, , , , , , ,
395001003102110, ,75006, , , , , , ,
395003001119110, ,30519, , , , , , ,
395003001120110, ,30520, , , , , , ,
395003001121110, ,30521, , , , , , ,
395003001122110, ,30522, , , , , , ,
395003001123110, ,30523, , , , , , ,
395003001125110, ,30525, , , , , , ,
395003001126110, ,30526, , , , , , ,
395003001127110, ,30527, , , , , , ,
395003001128110, ,30528, , , , , , ,
395003001129110, ,30529, , , , , , ,
395001001446110, ,70031, , , , , , ,
395001001456110, ,40316, , , , , , ,
395001001459110, ,40317, , , , , , ,
400064001710112, ,80117, , , , , , ,
400064001710012, ,80117, , , , , , ,
395003001714112, ,30531, , , , , , ,
395003001714012, ,30531, , , , , , ,
395009001716112, ,20001, , , , , , ,
395009001716012, ,20001, , , , , , ,
395009001717112, ,20002, , , , , , ,
395009001717012, ,20002, , , , , , ,
395009001715012, ,20003, , , , , , ,
395001001418110, ,40312, , , , , , ,
395009001718112, ,20004, , , , , , ,
395009001718012, ,20004, , , , , , ,
YASH1, ,40177H, , , , , , ,
395001001453110, ,40320, , , , , , ,
400064001902110, ,80039, , , , , , ,
395003001452110, ,60038, , , , , , ,
395001001454110, ,80131, , , , , , ,
400086001040110, ,80134, , , , , , ,
395001001464110, ,40011, , , , , , ,
400064051001110, ,85001, , , , , , ,
395001001464110, ,40011, , , , , , ,
400064051002110, ,85002, , , , , , ,
395001001464110, ,40011, , , , , , ,
400064051003110, ,85003, , , , , , ,
400064051004110, ,85004, , , , , , ,
400064051005110, ,85005, , , , , , ,
395001001464110, ,40011, , , , , , ,
400064051006110, ,85006, , , , , , ,
400064051007110, ,85007, , , , , , ,
395001001464110, ,40011, , , , , , ,
400086001035110, ,80135, , , , , , ,
400086001036110, ,95003, , , , , , ,
400086001038110, ,95004, , , , , , ,
400086001021110, ,80136, , , , , , ,
400086001704012, ,95001, , , , , , ,
400086001704112, ,95001, , , , , , ,
395001001302110, ,50513, , , , , , ,
395001001469110, ,70034, , , , , , ,
380009001466110, ,40416, , , , , , ,
400086001034110, ,95005, , , , , , ,
400086001039110, ,95006, , , , , , ,
400086001037110, ,95007, , , , , , ,
31316, ,30006, , , , , , ,
44114, ,80098, , , , , , ,
400064051008110, ,85008, , , , , , ,
34085, ,80001, , , , , , ,
400064051009110, ,85009, , , , , , ,
395001001484110, ,70035, , , , , , ,
395009001719012, ,20005, , , , , , ,
395009001719112, ,20005, , , , , , ,
395001001462110, ,40321, , , , , , ,
400064001501112, ,80017, , , , , , ,
395001001125110, ,70039, , , , , , ,
34733, ,80022, , , , , , ,
37773, ,30004, , , , , , ,
400086001501110, ,95002, , , , , , ,
400086001504110, ,95003, , , , , , ,
400086001506110, ,95004, , , , , , ,
400086001502110, ,95005, , , , , , ,
400086001507110, ,95006, , , , , , ,
400086001505110, ,95007, , , , , , ,
400086001508110, ,80134, , , , , , ,
400086001503110, ,80135, , , , , , ,
395001001444110, ,30004, , , , , , ,
46219, ,30005, , , , , , ,
395009001720112, ,20006, , , , , , ,
400064051010110, ,85010, , , , , , ,
400064051012110, ,85012, , , , , , ,
400086001017110, ,80139, , , , , , ,
400064051013110, ,85013, , , , , , ,
395001001491110, ,40419, , , , , , ,
395003001499110, ,60039, , , , , , ,
400604001509110, ,95009, , , , , , ,
400604001510110, ,95010, , , , , , ,
400604001511110, ,95011, , , , , , ,
400604001512110, ,95012, , , , , , ,
395001001111110, ,50130, , , , , , ,
395001001303110, ,50514, , , , , , ,
395003001130110, ,30530, , , , , , ,
395003001131110, ,30532, , , , , , ,
44292, ,80137, , , , , , ,
382355001012110, ,70037, , , , , , ,
395001052001110, ,30004, , , , , , ,
395001052002110, ,30006, , , , , , ,
395001001463110, ,80140, , , , , , ,
400064001502012, ,80015, , , , , , ,
400064001502112, ,80015, , , , , , ,
400064001496110, ,80138, , , , , , ,
395003001712112, ,30533, , , , , , ,
395003001712012, ,30533, , , , , , ,
400604001501110, ,95002, , , , , , ,
400604001502110, ,95005, , , , , , ,
400604001503110, ,80135, , , , , , ,
400604001504110, ,95003, , , , , , ,
400604001505110, ,95007, , , , , , ,
400604001506110, ,95004, , , , , , ,
400604001507110, ,95006, , , , , , ,
400604001508110, ,80134, , , , , , ,
400064001463110, ,80140, , , , , , ,
400064001503012, ,80001, , , , , , ,
400064001503112, ,80001, , , , , , ,
400064001505012, ,80132, , , , , , ,
400064001505112, ,80132, , , , , , ,
395001001504110, ,70038, , , , , , ,
395003001124110, ,40263, , , , , , ,
395003001477110, ,60041, , , , , , ,
395001001319110, ,50515, , , , , , ,
395003001124110, ,40263, , , , , , ,
395001001493110, ,70040, , , , , , ,
YASH12, ,40177J, , , , , , ,
395001001722012, ,70041, , , , , , ,
395001001722112, ,70041, , , , , , ,
400064051015110, ,85015, , , , , , ,
400064001507012, ,80065, , , , , , ,
400064001507112, ,80065, , , , , , ,
YASH13, ,40177L, , , , , , ,
400064001507110, ,80005, , , , , , ,
400064001508110, ,80007, , , , , , ,
400064001711012, ,80008, , , , , , ,
400064001711112, ,80008, , , , , , ,
395003001451110, ,60042, , , , , , ,
395003001502110, ,60043, , , , , , ,
400064051017110, ,85017, , , , , , ,
400064051019110, ,85019, , , , , , ,
395001001503110, ,70029, , , , , , ,
400064001705012, ,80022, , , , , , ,
400064001705112, ,80022, , , , , , ,
395001001107110, ,50131, , , , , , ,
400064051016110, ,85016, , , , , , ,
395003001132110, ,30534, , , , , , ,
395001001509110, ,70043, , , , , , ,
395001052006110, ,30008, , , , , , ,
400064001512110, ,80011, , , , , , ,
400064001511110, ,80014, , , , , , ,
400064001510110, ,80016, , , , , , ,
400064001869122, ,80018, , , , , , ,
YASH5, ,40177S, , , , , , ,
YASH9, ,40177U, , , , , , ,
YASH10, ,40177V, , , , , , ,
YASH14, ,40177W, , , , , , ,
YASH15, ,40177X, , , , , , ,
YASH16, ,40177Y, , , , , , ,
YASH17, ,40177Z, , , , , , ,
YASH18, ,40177AA, , , , , , ,
YASH19, ,40177AB, , , , , , ,
YASH20, ,40177AC, , , , , , ,
400064001724112, ,85020, , , , , , ,
400064001724012, ,85020, , , , , , ,
395001052005110, ,30009, , , , , , ,
400064051014110, ,85014, , , , , , ,
395001001721012, ,75007, , , , , , ,
395001001721112, ,75007, , , , , , ,
400064001708012, ,80009, , , , , , ,
400064001708112, ,80009, , , , , , ,
395009001424110, ,70042, , , , , , ,
400064001903110, ,80121, , , , , , ,
400064001516110, ,80097, , , , , , ,
400064001918110, ,80091, , , , , , ,
400064001873122, ,80089, , , , , , ,
380007053101110, ,65001, , , , , , ,
380007053102110, ,65002, , , , , , ,
380007053103110, ,65003, , , , , , ,
380007053104110, ,65004, , , , , , ,
380007053105110, ,65005, , , , , , ,
395001003103110, ,75008, , , , , , ,
395001001113110, ,50114, , , , , , ,
400064001508012, ,80081, , , , , , ,
400064001508112, ,80081, , , , , , ,
380007053106110, ,65006, , , , , , ,
395003001133110, ,30536, , , , , , ,
395003001134110, ,30537, , , , , , ,
400064001725012, ,85011, , , , , , ,
400064001725112, ,85011, , , , , , ,
400064001509012, ,80045, , , , , , ,
400064001509112, ,80045, , , , , , ,
400067001523110, ,80030, , , , , , ,
400064001524110, ,80036, , , , , , ,
400064051020110, ,85022, , , , , , ,
400064001919110, ,80040, , , , , , ,
395003001728012, ,30538, , , , , , ,
395003001728112, ,30538, , , , , , ,
395009001729012, ,20007, , , , , , ,
395009001729112, ,20007, , , , , , ,
395009001730112, ,20008, , , , , , ,
395001052003110, ,30007, , , , , , ,
395001052004110, ,30005, , , , , , ,
400064051011110, ,85023, , , , , , ,
395009001731112, ,20009, , , , , , ,
395009001732112, ,20010, , , , , , ,
395009001733112, ,20011, , , , , , ,
395009001734112, ,20012, , , , , , ,
395009001735112, ,20013, , , , , , ,
395003001522110, ,60044, , , , , , ,
395003001135110, ,30539, , , , , , ,
395003001136110, ,30540, , , , , , ,
395003001137110, ,30541, , , , , , ,
400064001532110, ,80023, , , , , , ,
395001001530110, ,40312, , , , , , ,
395001001534110, ,70044, , , , , , ,
400086001024110, ,80141, , , , , , ,
400064001929110, ,80095, , , , , , ,
395001001449110, ,80028, , , , , , ,
400064001515110, ,80113, , , , , , ,
395001001546110, ,40312, , , , , , ,
395001001548110, ,70045, , , , , , ,
395001001443110, ,40155, , , , , , ,
400064001510012, ,80034, , , , , , ,
400064001510112, ,80034, , , , , , ,
395001001161110, ,70010, , , , , , ,
395001001129110, ,50124, , , , , , ,
395001001487110, ,50099, , , , , , ,
395001001137110, ,50121, , , , , , ,
400064001512012, ,80009, , , , , , ,
400064001512112, ,80009, , , , , , ,
400064001514110, ,80012, , , , , , ,
395003001172110, ,50085, , , , , , ,
395009001736012, ,20014, , , , , , ,
395009001736112, ,20014, , , , , , ,
395003001138110, ,30542, , , , , , ,
395001001115110, ,50132, , , , , , ,
395001001550110, ,40435, , , , , , ,
400064001511012, ,80022, , , , , , ,
400064001511112, ,80022, , , , , , ,
395001001305110, ,50516, , , , , , ,
395001001353110, ,40366, , , , , , ,
395001001355110, ,70022, , , , , , ,
395001001357110, ,40171, , , , , , ,
395001001354110, ,40155, , , , , , ,
395001001354110, ,40155, , , , , , ,
395001001352110, ,70032, , , , , , ,
395001001423110, ,ASC0188, , , , , , ,
395001001423110, ,ASC0188, , , , , , ,
395001001423110, ,ASC0188, , , , , , ,
395001001423110, ,ASC0188, , , , , , ,
395001001423110, ,ASC0188, , , , , , ,
395001001423110, ,ASC0188, , , , , , ,
395001001360110, ,40046, , , , , , ,
395001001362110, ,40058, , , , , , ,
395001001362110, ,40058, , , , , , ,
395001001362110, ,40058, , , , , , ,
395001001362110, ,40058, , , , , , ,
395001001362110, ,40058, , , , , , ,
395001001362110, ,40058, , , , , , ,
395001001361110, ,40134A, , , , , , ,
395001001363110, ,40134AB, , , , , , ,
395001001122110, ,50133, , , , , , ,
400064001514012, ,80115, , , , , , ,
400064001514112, ,80115, , , , , , ,
400086001033110, ,80136, , , , , , ,
400064001515012, ,80011, , , , , , ,
400064001515112, ,80011, , , , , , ,
395001001142110, ,50129, , , , , , ,
395001001006110, ,40177F, , , , , , ,
400064001737012, ,85018, , , , , , ,
400064001737112, ,85018, , , , , , ,
400064051021110, ,85024, , , , , , ,
400064001517110, ,80102, , , , , , ,
400064001935110, ,80078, , , , , , ,
400064001527110, ,80075, , , , , , ,
400064051022110, ,85025, , , , , , ,
395001001221110, ,50083, , , , , , ,
400064001516012, ,80008, , , , , , ,
400064001516112, ,80008, , , , , , ,
400064001513012, ,80078, , , , , , ,
400064001513112, ,80078, , , , , , ,
395001001320110, ,50517, , , , , , ,
400064001504012, ,80129, , , , , , ,
400064001504112, ,80129, , , , , , ,
400092001122110, ,40241, , , , , , ,
395001001405110, ,70046, , , , , , ,
398007001403110, ,40431, , , , , , ,
400064001531110, ,80073, , , , , , ,
400064051023110, ,85026, , , , , , ,
400064051024110, ,85027, , , , , , ,
395003001406110, ,60045, , , , , , ,
395003001139110, ,30543, , , , , , ,
395003001141110, ,30544, , , , , , ,
400064001410110, ,80083, , , , , , ,
395003001321110, ,50518, , , , , , ,
380007053107110, ,65007, , , , , , ,
395001001321110, ,50518, , , , , , ,
400064001496110, ,80138, , , , , , ,
395001352204127, ,30008, , , , , , ,
395001005201127, ,50002, , , , , , ,
400064001938110, ,80095, , , , , , ,
400064051025110, ,85028, , , , , , ,
400064051026110, ,85029, , , , , , ,
400064001738012, ,85017, , , , , , ,
400064001738112, ,85017, , , , , , ,
400064001740012, ,85019, , , , , , ,
400064001740112, ,85019, , , , , , ,
395001001119110, ,50134, , , , , , ,
395001001124110, ,50135, , , , , , ,
395001001127110, ,50136, , , , , , ,
395001001131110, ,50137, , , , , , ,
395001001138110, ,50138, , , , , , ,
395001001411110, ,50139, , , , , , ,
400064001055110, ,80003, , , , , , ,
395001001417110, ,70047, , , , , , ,
395003001407110, ,60040, , , , , , ,
395003001140110, ,30535, , , , , , ,
395001001413110, ,70048, , , , , , ,
400086001008110, ,80004, , , , , , ,
400067001425110, ,80052, , , , , , ,
400064001917110, ,80064, , , , , , ,
395001001174110, ,50006A, , , , , , ,
400064001506012, ,80080, , , , , , ,
400064001506112, ,80080, , , , , , ,
395001001306110, ,50519, , , , , , ,
400064001429110, ,80024, , , , , , ,
395001001143110, ,50079, , , , , , ,
395001001144110, ,50054, , , , , , ,
395001003201127, ,75008, , , , , , ,
400064001939110, ,80064, , , , , , ,
395001001468110, ,50140, , , , , , ,
395001001469110, ,50141, , , , , , ,
400064001517012, ,80033, , , , , , ,
400064001517112, ,80033, , , , , , ,
395001003202127, ,75006, , , , , , ,
395001001164110, ,35001, , , , , , ,
400064051027110, ,85030, , , , , , ,
400064001741012, ,80026, , , , , , ,
400064001741112, ,80026, , , , , , ,
395001001404110, ,50142, , , , , , ,
400064001941110, ,80055, , , , , , ,
400064001519012, ,80041, , , , , , ,
400064001519112, ,80041, , , , , , ,
400064001426110, ,80037, , , , , , ,
400086001030110, ,80141, , , , , , ,
395003001142110, ,30545, , , , , , ,
400086001002110, ,80141, , , , , , ,
400064001742012, ,80042, , , , , , ,
400064001742112, ,80042, , , , , , ,
400092001122110, ,40241, , , , , , ,
395001001538110, ,40177AD, , , , , , ,
400057001539110, ,40312, , , , , , ,
395001001540110, ,70049, , , , , , ,
400086001003110, ,80022, , , , , , ,
400064001120110, ,80121, , , , , , ,
395001008101127, ,35002, , , , , , ,
395001008102127, ,35003, , , , , , ,
395001001537110, ,70025, , , , , , ,
395001001501110, ,40089C, , , , , , ,
400064001743012, ,85031, , , , , , ,
400064001743112, ,85031, , , , , , ,
395001009001110, ,60027, , , , , , ,
395001009002110, ,60035, , , , , , ,
395001009003110, ,60026, , , , , , ,
395001009004110, ,60020, , , , , , ,
395001009005110, ,60019, , , , , , ,
395001009006110, ,60028, , , , , , ,
395001009007110, ,60029, , , , , , ,
395001009008110, ,60030, , , , , , ,
395001009009110, ,60033, , , , , , ,
395001009010110, ,60038, , , , , , ,
395001009011110, ,60041, , , , , , ,
395001009012110, ,60043, , , , , , ,
395001009013110, ,60044, , , , , , ,
395001009014110, ,60040, , , , , , ,
400064001923110, ,80021, , , , , , ,
400064001925110, ,80038, , , , , , ,
400064001936110, ,80040, , , , , , ,
400064001937110, ,80114, , , , , , ,
400064001940110, ,80001, , , , , , ,
395003001525110, ,60046, , , , , , ,
400067001496110, ,80138, , , , , , ,
401105001710112, ,80117, , , , , , ,
201301001507110, ,80005, , , , , , ,
201301001516110, ,80097, , , , , , ,
342301001741112, ,80026, , , , , , ,
201301001532110, ,80023, , , , , , ,
342301001429110, ,80024, , , , , , ,
401105001710012, ,80117, , , , , , ,
400067001524110, ,80036, , , , , , ,
400056001511110, ,80014, , , , , , ,
201301001508110, ,80007, , , , , , ,
342301001742112, ,80042, , , , , , ,
342301001410110, ,80083, , , , , , ,
395001001455110, ,40089B, , , , , , ,
395001001498110, ,70022, , , , , , ,
400064001543110, ,40134A, , , , , , ,
395001001438110, ,40256, , , , , , ,
400064001920110, ,80077, , , , , , ,
400064001428110, ,70042, , , , , , ,
395009011001110, ,30501, , , , , , ,
395009011002127, ,30503, , , , , , ,
395009011003110, ,30504, , , , , , ,
395009011004110, ,30505, , , , , , ,
395009011007127, ,30506, , , , , , ,
395009011010110, ,30507, , , , , , ,
395009011006127, ,30509, , , , , , ,
395009011008127, ,30510, , , , , , ,
395009011009110, ,30511, , , , , , ,
395009011011110, ,30512, , , , , , ,
395009011012127, ,30513, , , , , , ,
395009011013127, ,30514, , , , , , ,
395009011014110, ,30515, , , , , , ,
395009011015110, ,30516, , , , , , ,
395009011016110, ,30517, , , , , , ,
395009011017110, ,30518, , , , , , ,
395009011018110, ,30519, , , , , , ,
395009011019110, ,30520, , , , , , ,
395009011020110, ,30521, , , , , , ,
395009011021110, ,30522, , , , , , ,
395009011022110, ,30523, , , , , , ,
395009011023110, ,40263, , , , , , ,
395009011024110, ,30525, , , , , , ,
395009011025110, ,30526, , , , , , ,
395009011026127, ,30527, , , , , , ,
395009011027110, ,30528, , , , , , ,
395009011028110, ,30529, , , , , , ,
395009011029110, ,30530, , , , , , ,
395009011030110, ,30532, , , , , , ,
395009011031110, ,30534, , , , , , ,
395009011038110, ,30535, , , , , , ,
395009011044110, ,30536, , , , , , ,
395009011032110, ,30537, , , , , , ,
395009011033110, ,30539, , , , , , ,
395009011034110, ,30540, , , , , , ,
395009011035127, ,30541, , , , , , ,
395009011036110, ,30542, , , , , , ,
395009011037127, ,30543, , , , , , ,
395009011039127, ,30544, , , , , , ,
395009011040110, ,30545, , , , , , ,
395009011010110, ,30546, , , , , , ,
395009011042127, ,30547, , , , , , ,
395009011041127, ,30548, , , , , , ,
400064001744012, ,85032, , , , , , ,
400064001744112, ,85032, , , , , , ,
395001007501127, ,45001, , , , , , ,
400086001457110, ,40293, , , , , , ,
400064001432110, ,40046, , , , , , ,
395001001155110, ,50111, , , , , , ,
395001001146110, ,50143, , , , , , ,
395001001160110, ,50129, , , , , , ,
395001001145110, ,50133, , , , , , ,
395001001147110, ,50125, , , , , , ,
400064001901110, ,80043, , , , , , ,
400064001924110, ,80002, , , , , , ,
400064001518012, ,80013, , , , , , ,
400064001518112, ,80013, , , , , , ,
395001001541110, ,70050, , , , , , ,
395001001402110, ,40304, , , , , , ,
395009001715112, ,40171, , , , , , ,
395001001358110, ,40418, , , , , , ,
395001001356110, ,40171, , , , , , ,
395001001461110, ,40218, , , , , , ,
395001001564110, ,40177AD, , , , , , ,
395001001359110, ,45002, , , , , , ,
201301001426110, ,80037, , , , , , ,
342301001428110, ,70042, , , , , , ,
400064001746012, ,85006, , , , , , ,
400064001746112, ,85006, , , , , , ,
395009011046127, ,30507, , , , , , ,
400064001747012, ,85015, , , , , , ,
400064001747112, ,85015, , , , , , ,
342301001745012, ,80144, , , , , , ,
342301001745112, ,80144, , , , , , ,
395009011045127, ,30508, , , , , , ,
400064001922110, ,80029, , , , , , ,
401105001709012, ,80116, , , , , , ,
401105001709112, ,80116, , , , , , ,
342301001536110, ,80106, , , , , , ,
400064001727012, ,85021, , , , , , ,
400064001727112, ,85021, , , , , , ,
400064001726012, ,85010, , , , , , ,
400064001726112, ,85010, , , , , , ,
395001001433110, ,40366, , , , , , ,
395001001427110, ,70051, , , , , , ,
400064001424110, ,80006, , , , , , ,
400064001502110, ,80121, , , , , , ,
395001007503127, ,45003, , , , , , ,
395001007504127, ,45004, , , , , , ,
395001001351110, ,40362A, , , , , , ,
395009011010110, ,30546, , , , , , ,
395009011002110, ,30503, , , , , , ,
410210001416110, ,40441, , , , , , ,
380007053108110, ,65008, , , , , , ,
395001001159110, ,50144, , , , , , ,
395009011005127, ,30505, , , , , , ,
395009011047127, ,30525, , , , , , ,
201301001527110, ,80075, , , , , , ,
342301001748012, ,80145, , , , , , ,
342301001748112, ,80145, , , , , , ,