12443,ADANIENT,64300.25,445180.0,509480.25,-4900.0,0.0,
12443,ADANIPORTS,59968.125,216600.0,276568.125,-20250.0,0.0,
12454,ADANIENT,64300.25,445180.0,509480.25,-4900.0,0.0,
12454,ADANIPORTS,29984.0625,108981.25,138965.3125,-9906.25,0.0,
19013,NIFTY,0.0,0.0,0.0,0.0,0.0,
19058,BANDHANBNK,0.0,-450.0,-450.0,0.0,0.0,
19083,BANKNIFTY,63656.174999999996,386328.0,449984.175,12562.5,0.0,
19128,NIFTY,0.0,0.0,0.0,0.0,0.0,
19186,ADANIENT,64300.25,445180.0,509480.25,-4900.0,0.0,
19289,BANKNIFTY,0.0,0.0,0.0,0.0,0.0,
19478,AUROPHARMA,18096.75,90500.0,108596.75,0.0,0.0,
19478,BANKNIFTY,63656.174999999996,388610.25,452266.425,-12562.5,0.0,
19478,ICICIBANK,42458.28125000001,186615.0,229073.28125,-618.75,0.0,
19478,NIFTY,36615.3,173838.0,210453.3,-15755.000000000466,0.0,
19485,ADANIENT,32150.125,223265.0,255415.125,2600.0,0.0,
19485,ADANIPORTS,59968.125,217962.5,277930.625,-19812.5,0.0,
19485,IDEA,32891.25,197400.0,230291.25,0.0,0.0,
19485,RELIANCE,21345.625,96292.5,117638.125,-11600.0,0.0,
19545,ADANIENT,32150.125,222590.0,254740.125,-2450.0,0.0,
19603,NIFTY,0.0,0.0,0.0,0.0,-4882.5,
19603,SBIN,0.0,0.0,0.0,0.0,225.0,
19615,MOTHERSON,27901.125000000004,107527.5,135428.625,-7762.500000000058,0.0,
19625,ADANIPORTS,59968.125,216600.0,276568.125,-20250.0,0.0,
19630,AXISBANK,581061.6000000001,3225960,3807021,-171720.0,0.0,
19630,SBIN,289065.0,1413225,1702290,70500.0,0.0,
19713,IDEA,32891.25,166600.0,199491.25,0.0,0.0,
19719,ADANIPORTS,59968.125,216600.0,276568.125,-20250.0,0.0,
19719,BANKNIFTY,0.0,0.0,0.0,0.0,0.0,
19725,IDEA,32891.25,196000.0,228891.25,7000.0,0.0,
19725,IEX,19306.875,-2962.5,16344.375,23812.5,0.0,
19725,MOTHERSON,69752.8125,17617.5,87370.3125,-7762.500000000058,0.0,
19725,PNB,85456.0,85280.0,170736.0,0.0,0.0,
19738,IDEA,32891.25,237300.00000000003,270191.25,0.0,0.0,
6405,ABB,0.0,0.0,0.0,0.0,0.0,
6405,ABBOTINDIA,4536637,5624316,10160954,-142662.00000000373,0.0,
6405,ABFRL,2607634,2092454,4700088,0.0,0.0,
6405,ACC,969115.4375000001,3622079,4591194,-130887.5,0.0,
6405,ADANIENT,3568663,11824387,15393051,-134750.0,-26687.5,
6405,ADANIPORTS,4572997,12517817,17090815,-972000.0,11499.999999999996,
6405,ALKEM,1140247,1295844,2436091,0.0,0.0,
6405,AMARAJABAT,1162623,614570.0,1777193,45500.0,0.0,
6405,AMBUJACEM,7288506,44026308,51314814,-2406690.0,0.0,
6405,APOLLOHOSP,396279.734375,487016.25,883295.984375,0.0,0.0,
6405,APOLLOTYRE,6083398,5151860,11235258,369250.0,0.0,
6405,ASHOKLEY,1296303,1916900,3213203,0.0,0.0,
6405,ASIANPAINT,178250.625,84118.0,262368.625,0.0,0.0,
6405,ASTRAL,2630340,2259983,4890323,2310.0,0.0,
6405,ATUL,2987933,3352671,6340605,0.0,0.0,
6405,AUBANK,111623.75000000003,433150.0,544773.75,0.0,0.0,
6405,AUROPHARMA,1384401,826620.0,2211021,0.0,-21150.0,
6405,AXISBANK,5008966,109463376,114472342,-5635680.0,33720.0,
6405,BAJAJFINSV,1205330,1615905,2821235,-96250.0,-5750.0,
6405,BAJFINANCE,4072628,9677575,13750203,-1012400.0,114487.5,
6405,BALKRISIND,0.0,0.0,0.0,0.0,0.0,
6405,BANDHANBNK,5507119,4048732,9555852,577170.0,-265500.0,
6405,BANKBARODA,447634.68750000006,171931.5,619566.1875,0.0,0.0,
6405,BANKNIFTY,75920598,36488248,112408846,22137.5,574547.5000000002,
6405,BATAINDIA,3480383,2166631,5647014,-19428.75,0.0,
6405,BEL,12500046,15812768,28312815,-977835.0,511290.0000000001,
6405,BERGEPAINT,146384.7,289355.0,435739.7,-164.99999999976717,-165.0,
6405,BHARATFORG,274559.25,450291.7,724850.95,0.0,0.0,
6405,BHARTIARTL,756597.93125,-4750.0,751847.93125,-47120.0,84692.5,
6405,BHEL,692859.3,898695.0,1591554,0.0,0.0,
6405,BIOCON,285573.75,311282.0,596855.75,-15640.0,0.0,
6405,BPCL,98264.25000000001,296172.0,394436.25,33480.000000000466,0.0,
6405,BSOFT,13611.325,84019.0,97630.325,-8385.0,0.0,
6405,CANBK,389699.1,33237.0,422936.1,0.0,0.0,
6405,CANFINHOME,565055.4,140604.75,705660.15,0.0,585.0,
6405,CHAMBLFERT,0.0,-510.0,-510.0,0.0,0.0,
6405,CHOLAFIN,1050054,1941181,2991235,-6375.0,28000.0,
6405,COALINDIA,622420.05,1698060,2320480,-24570.0,0.0,
6405,COFORGE,1497693,5650233,7147926,0.0,1470.0,
6405,COLPAL,0.0,0.0,0.0,0.0,0.0,
6405,CONCOR,1182460,1496810,2679270,-20600.0,-13800.0,
6405,COROMANDEL,2087640,377930.0,2465570,0.0,0.0,
6405,CROMPTON,126567.0,95325.0,221892.0,0.0,0.0,
6405,CUB,0.0,0.0,0.0,0.0,0.0,
6405,CUMMINSIND,0.0,0.0,0.0,0.0,0.0,
6405,DALBHARAT,0.0,0.0,0.0,0.0,0.0,
6405,DEEPAKNTR,425978.4375,497382.5,923360.9375,0.0,0.0,
6405,DELTACORP,2446598,2380500,4827098,0.0,0.0,
6405,DIVISLAB,1386464,1151116,2537581,0.0,-15427.5,
6405,DIXON,0.0,0.0,0.0,0.0,0.0,
6405,DLF,64093.8375,210474.0,274567.8375,0.0,0.0,
6405,DRREDDY,543270.0,401210.0,944480.0,0.0,0.0,
6405,EICHERMOT,2959520,2884519,5844039,-5460.0,-9047.499999999995,
6405,ESCORTS,59963.26875,65232.749999999985,125196.01874999999,0.0,-48785.0,
6405,EXIDEIND,149697.756,40428.0,190125.756,-14040.0,10080.0,
6405,FEDERALBNK,0.0,0.0,0.0,0.0,0.0,
6405,FINNIFTY,3974385,3517250,7491635,0.0,133882.0,
6405,FSL,171908.1,201656.0,373564.1,0.0,0.0,
6405,GAIL,41312.25,640.5,41952.75,0.0,0.0,
6405,GLENMARK,1138086,5432358,6570445,0.0,0.0,
6405,GMRINFRA,0.0,-2250.0,-2250.0,0.0,0.0,
6405,GNFC,7044546,3180614,10225161,26910.000000000116,0.0,
6405,GODREJCP,1106384,1556360,2662744,0.0,0.0,
6405,GODREJPROP,0.0,0.0,0.0,0.0,0.0,
6405,GRANULES,101886.75,142599.99999999997,244486.74999999997,0.0,0.0,
6405,GSPL,542819.375,430325.0,973144.375,0.0,-2625.0,
6405,GUJGASLTD,328354.6875,404487.875,732842.5625,0.0,0.0,
6405,HAL,3194023,2768551,5962574,95047.5,-87875.0,
6405,HCLTECH,153638.27500000002,155659.0,309297.275,11620.000000000466,0.0,
6405,HDFC,1457838,2747259,4205097,-253650.0,8220.0,
6405,HDFCAMC,118868.40000000001,591444.0,710312.4,14280.0,0.0,
6405,HDFCBANK,598525.33125,1301646,1900171,93390.0,-4180.0,
6405,HDFCLIFE,456914.15000000014,1050301,1507216,-10559.999999999767,220.0,
6405,HEROMOTOCO,478525.16250000003,398376.0,876901.1625000001,0.0,-5880.0,
6405,HINDALCO,1155731,5361855,6517587,0.0,7310.0,
6405,HINDCOPPER,17104.325000000004,126205.0,143309.325,0.0,0.0,
6405,HINDUNILVR,18417637,36637656,55055293,730800.0,0.0,
6405,HONAUT,63264.127499999995,64211.250000000015,127475.3775,0.0,0.0,
6405,IBULHSGFIN,2130291,1750440,3880731,7200.0,0.0,
6405,ICICIBANK,5123299,44693703,49817002,-324637.5,2337.499999999998,
6405,ICICIGI,184207.5375,1933.75,186141.2875,0.0,0.0,
6405,ICICIPRULI,687393.0,1661850,2349243,0.0,0.0,
6405,IDEA,296021.25,-378000.0,-81978.75,63000.0,0.0,
6405,IDFCFIRSTB,703106.25,382800.0000000001,1085906,0.0,0.0,
6405,IEX,77227.5,423900.0,501127.5,95250.0,0.0,
6405,INDHOTEL,6210490,11046543,17257034,137552.3999999985,0.0,
6405,INDIACEM,771896.944,429519.0,1201415,0.0,-870.0,
6405,INDIAMART,115559.06250000001,782760.0,898319.0625,0.0,0.0,
6405,INDIGO,648714.9375,-1356.0,647358.9375,0.0,16575.0,
6405,INDUSINDBK,829380.4312499999,1979415,2808795,-19440.0,7897.5,
6405,INDUSTOWER,0.0,0.0,0.0,0.0,0.0,
6405,INFY,960594.0750000002,4686315,5646909,-452250.0,0.0,
6405,INTELLECT,1185131,2904262,4089393,0.0,225.0,
6405,IOC,0.0,0.0,0.0,0.0,0.0,
6405,IPCALAB,2296412,3120741,5417153,0.0,251842.5,
6405,IRCTC,2206655,753287.5,2959943,0.0,-1662.5000000000005,
6405,ITC,649846.4,394064.0,1043910,0.0,0.0,
6405,JINDALSTEL,37257.50000000001,-225.0,37032.50000000001,0.0,0.0,
6405,JKCEMENT,244837.6875,360037.5,604875.1875,0.0,0.0,
6405,JSWSTEEL,94830.75,567810.0,662640.75,0.0,0.0,
6405,JUBLFOOD,1630256,1544187,3174443,-174625.00000000093,375.0,
6405,KOTAKBANK,1082228,2889764,3971992,-163740.0,0.0,
6405,L&TFH,11227998,7359355,18587353,0.0,0.0,
6405,LALPATHLAB,2633309,9547272,12180582,0.0,0.0,
6405,LAURUSLABS,1285956,2259792,3545748,-82080.0,0.0,
6405,LICHSGFIN,717480.75,756380.0,1473860,0.0,0.0,
6405,LT,1345287,519444.0,1864731,-13140.0,-3060.0,
6405,LTI,3815408,4543158,8358566,0.0,32737.5,
6405,LTTS,784181.125,1136894,1921075,1730.0,0.0,
6405,LUPIN,0.0,0.0,0.0,0.0,0.0,
6405,M&M,467570.25,298935.0,766505.25,0.0,0.0,
6405,MANAPPURAM,853853.1599999999,1071600,1925453,0.0,-14400.0,
6405,MARUTI,11560183,8325236,19885419,-87620.0,18305.0,
6405,MCDOWELL-N,1019693,925143.75,1944837,0.0,0.0,
6405,METROPOLIS,321985.125,653877.0,975862.125,-10170.0,0.0,
6405,MFSL,800214.1875000001,3467230,4267444,0.0,0.0,
6405,MGL,199432.1,424528.0,623960.1,240.0,0.0,
6405,MINDTREE,16373788,39776934,56150722,-952000.0,40700.0,
6405,MOTHERSON,0.0,0.0,0.0,0.0,0.0,
6405,MPHASIS,0.0,0.0,0.0,0.0,0.0,
6405,MRF,57819.405,162553.59999999998,220373.00499999998,0.0,0.0,
6405,MUTHOOTFIN,157893.75,200325.0,358218.75,0.0,0.0,
6405,NATIONALUM,255355.40625,135532.50000000006,390887.90625000006,0.0,0.0,
6405,NAUKRI,3232224,3956046,7188270,-46881.25,13243.75,
6405,NAVINFLUOR,820068.046875,1488987,2309055,0.0,0.0,
6405,NESTLEIND,245995.47000000003,228124.0,474119.47000000003,0.0,0.0,
6405,NIFTY,57733174,43636493,101369667,136142.5000000021,631075.0,
6405,NMDC,59985.100000000006,72192.5,132177.6,14740.0,0.0,
6405,NTPC,3941317,3041508,6982825,-178125.0,0.0,
6405,ONGC,173288.5,390351.5,563640.0,-75075.0,0.0,
6405,PAGEIND,417990.43125,291948.0,709938.43125,0.0,0.0,
6405,PEL,151792.9875,62271.0,214063.9875,0.0,0.0,
6405,PERSISTENT,4115223,8358961,12474184,-305760.0,405.00000000000364,
6405,PETRONET,21577.500000000004,88230.0,109807.5,-13050.0,0.0,
6405,PFC,71740.2,55800.0,127540.2,0.0,0.0,
6405,PIDILITIND,367585.3125,263480.0,631065.3125,0.0,0.0,
6405,PIIND,18357145,27513462,45870608,0.0,22312.5,
6405,PNB,29567776,15638169,45205945,1160000,0.0,
6405,POLYCAB,108393.60000000002,534804.0,643197.6,-6540.0,0.0,
6405,POWERGRID,172268.77500000002,23273.999999999996,195542.77500000002,0.0,-810.0000000000027,
6405,RAIN,20886.250000000004,94430.0,115316.25,0.0,0.0,
6405,RAMCOCEM,3242113,3450515,6692628,-45262.5,0.0,
6405,RBLBANK,5467350,10655900,16123250,-199499.99999999627,0.0,
6405,RECLTD,56728.0,231120.0,287848.0,0.0,0.0,
6405,RELIANCE,2956369,4511791,7468160,-34700.0,66875.0,
6405,SAIL,1206573,2462460,3669033,0.0,-12600.000000000002,
6405,SBICARD,-991235.4666666667,1789234,797999.0933333336,0.0,0.0,
6405,SBILIFE,100248.75000000001,540.0,100788.75000000001,0.0,1725.0,
6405,SBIN,12029921,64448550,76478471,3247800,106575.0,
6405,SHREECEM,333922.8375,888467.7500000001,1222390,-17.5,0.0,
6405,SIEMENS,2774882,3163509,5938391,0.0,0.0,
6405,SRF,4659168,4780391,9439560,158906.25,-11775.0,
6405,SRTRANSFIN,0.0,0.0,0.0,0.0,0.0,
6405,SUNPHARMA,1150914,875686.0,2026600,0.0,-700.0,
6405,SUNTV,0.0,-180.0,-180.0,0.0,0.0,
6405,SYNGENE,1167600,1383560,2551160,0.0,0.0,
6405,TATACHEM,7087164,450000.0,7537164,0.0,21450.0,
6405,TATACOMM,214776.1875,263005.00000000006,477781.18750000006,0.0,225.0,
6405,TATACONSUM,221569.42500000002,944010.0,1165579,-29925.0,-5850.0,
6405,TATAMOTORS,1751475,2240718,3992193,-63840.0,25436.250000000007,
6405,TATAPOWER,1604403,2625851,4230254,62943.75,0.0,
6405,TATASTEEL,93087.75,370515.0,463602.75,-25500.0,0.0,
6405,TCS,2771069,6242212,9013282,-782460.0,36210.0,
6405,TECHM,249976.65000000002,546672.0,796648.65,39120.0,-3000.0,
6405,TITAN,9979095,27461557,37440653,-40218.75000000012,37556.25000000006,
6405,TORNTPOWER,438270.0,193155.0,631425.0,13425.000000000116,0.0,
6405,TRENT,11386585,11653998,23040583,0.0,0.0,
6405,TVSMOTOR,0.0,0.0,0.0,0.0,0.0,
6405,UBL,0.0,0.0,0.0,0.0,0.0,
6405,ULTRACEMCO,21489.825,100146.0,121635.825,-4885.0,0.0,
6405,UPL,271827.2375,104492.17999999996,376319.4175,-7280.0,0.0,
6405,VEDL,326060.13125000003,581002.0,907062.1312500001,0.0,-3797.4999999999995,
6405,VOLTAS,1402996,694249.75,2097245,0.0,0.0,
6405,WHIRLPOOL,608469.75,633297.0,1241766,0.0,0.0,
6405,WIPRO,434770.87500000006,1420100,1854870,-146400.0,0.0,
6405,ZEEL,109599.00000000001,-90420.0,19179.000000000015,-17700.0,0.0,
6405,ZYDUSLIFE,191039.625,94266.0,285305.625,0.0,0.0,
A0002,BANKNIFTY,0.0,0.0,0.0,0.0,0.0,
A0017,ACC,43555.75,195522.5,239078.25,-7212.5,0.0,
A0017,ASHOKLEY,55755.000000000015,291600.0,347355.0,-15500.0,0.0,
A0017,BATAINDIA,71392.475,280599.0,351991.475,-1815.0,0.0,
A0017,BERGEPAINT,97589.80000000003,386320.0,483909.80000000005,-220.0,0.0,
A0017,BHARATFORG,104594.0,639440.0,744034.0,0.0,0.0,
A0017,BIOCON,45691.80000000001,234692.0,280383.8,-9660.0,0.0,
A0017,CHOLAFIN,258475.00000000003,1579812,1838287,-5812.5,0.0,
A0017,CONCOR,50858.5,278620.0,329478.5,-13000.0,0.0,
A0017,CUMMINSIND,25599.000000000004,126054.0,151653.0,15630.0,0.0,
A0017,GNFC,607288.5000000001,974441.0,1581729,53820.00000000023,0.0,
A0017,HDFCLIFE,83075.30000000002,352528.0,435603.30000000005,14080.0,0.0,
A0017,INDHOTEL,-5949803.589333335,67569.60000000003,-5882233.989333335,-15283.599999999627,0.0,
A0017,IRCTC,63007.87499999999,281785.0,344792.875,0.0,0.0,
A0017,PETRONET,107887.50000000003,439530.0,547417.5,-62100.0,0.0,
A0017,SYNGENE,58380.0,296290.0,354670.0,0.0,0.0,
A0017,TATACHEM,277928.00000000006,724290.0,1002218,0.0,0.0,
A0017,TATACONSUM,123094.125,523647.0,646741.125,-15525.0,0.0,
A0017,TITAN,35075.90625,152651.25,187727.15625,-243.75,0.0,
A0017,VOLTAS,110348.0,477540.0,587888.0,0.0,0.0,
A0018,TORNTPOWER,54783.75000000001,256950.00000000003,311733.75000000006,0.0,0.0,
A0019,ADANIENT,96450.375,116190.0,212640.375,0.0,1337.5,
A0019,ADANIPORTS,74988.7125,51131.25000000001,126119.9625,0.0,0.0,
A0019,AMBUJACEM,76501.40400000001,261954.00000000003,338455.40400000004,0.0,0.0,
A0019,BHARATFORG,26148.5,117770.0,143918.5,0.0,0.0,
A0019,BPCL,49132.125,14894.64,64026.765,11160.0,0.0,
A0019,GUJGASLTD,21890.312500000004,71487.5,93377.8125,0.0,0.0,
A0019,IBULHSGFIN,41352.5,154960.0,196312.5,0.0,0.0,
A0019,NIFTY,0.0,-186.0,-186.0,0.0,0.0,
A0019,TATAMOTORS,105510.5625,153994.05,259504.6125,0.0,0.0,
A0019,ZEEL,273997.5,296081.4,570078.9,0.0,0.0,
A0020,ADANIENT,64300.25,445180.0,509480.25,-4900.0,0.0,
A0020,ADANIPORTS,2398725,8664000,11062725,-810000.0,0.0,
A0020,AMBUJACEM,0.0,0.0,0.0,0.0,0.0,
A0020,BANKBARODA,162776.25,645021.0,807797.25,-16379.999999999534,0.0,
A0020,BANKNIFTY,17653979,9881254,27535233,0.0,295930.0,
A0020,BHARATFORG,52297.0,317720.0,370017.0,0.0,0.0,
A0020,BHEL,852599.9999999999,2928240,3780840,0.0,0.0,
A0020,BPCL,58958.55000000001,248022.0,306980.55,33480.000000000466,0.0,
A0020,BSOFT,27222.65,169078.0,196300.65,0.0,0.0,
A0020,COALINDIA,81897.375,148134.0,230031.375,0.0,0.0,
A0020,CUMMINSIND,51198.00000000001,237804.0,289002.0,-31260.0,0.0,
A0020,DIXON,0.0,0.0,0.0,0.0,0.0,
A0020,FINNIFTY,2288514,580188.0,2868702,0.0,11400.0,
A0020,GAIL,-1560685.0,1157749,-402935.5,0.0,0.0,
A0020,GMRINFRA,58590.000000000015,351900.0,410490.0,4500.000000000233,0.0,
A0020,GRANULES,113207.5,301200.0,414407.5,0.0,0.0,
A0020,GUJGASLTD,273628.90625,1377225,1650853,0.0,0.0,
A0020,HAL,0.0,0.0,0.0,0.0,0.0,
A0020,HDFC,172963.875,863940.0,1036903,-93765.0,0.0,
A0020,HDFCAMC,138679.8,695835.0,834514.8,24990.0,0.0,
A0020,HDFCBANK,250545.48750000005,1142443,1392988,-104445.0,0.0,
A0020,HDFCLIFE,353070.0250000001,1498244,1851314,59840.0,0.0,
A0020,HINDALCO,44738.006250000006,322790.25,367528.25625,0.0,0.0,
A0020,HINDCOPPER,188147.57500000004,1388255,1576402,0.0,0.0,
A0020,ICICIPRULI,343696.5,1786230,2129926,0.0,0.0,
A0020,IDEA,526260.0,3136000,3662260,112000.0,0.0,
A0020,IDFCFIRSTB,51135.0,366600.0,417735.0,0.0,0.0,
A0020,IGL,0.0,0.0,0.0,0.0,0.0,
A0020,INDHOTEL,0.0,-402.20000000000005,-402.20000000000005,0.0,0.0,
A0020,INDUSINDBK,111826.575,330876.0,442702.575,0.0,-10530.0,
A0020,IOC,92069.25000000001,384540.0,476609.25,0.0,0.0,
A0020,ITC,0.0,0.0,0.0,0.0,0.0,
A0020,KOTAKBANK,0.0,0.0,0.0,0.0,0.0,
A0020,LT,0.0,0.0,0.0,0.0,-990.0,
A0020,LTI,0.0,0.0,0.0,0.0,0.0,
A0020,LTTS,24128.65,160930.0,185058.65,4670.0,0.0,
A0020,LUPIN,0.0,-306.0,-306.0,0.0,0.0,
A0020,M&M,0.0,-10710.0,-10710.0,0.0,0.0,
A0020,MANAPPURAM,59881.5,297000.0,356881.5,-9600.0,0.0,
A0020,MCX,17667.300000000003,119735.99999999999,137403.3,0.0,0.0,
A0020,MOTHERSON,0.0,0.0,0.0,0.0,0.0,
A0020,MRF,0.0,0.0,0.0,0.0,0.0,
A0020,NATIONALUM,130394.25000000001,914430.0,1044824,0.0,0.0,
A0020,NIFTY,3835452,1735512,5570964,0.0,-135700.0,
A0020,PFC,0.0,0.0,0.0,0.0,0.0,
A0020,PNB,0.0,0.0,0.0,0.0,0.0,
A0020,RAMCOCEM,0.0,0.0,0.0,0.0,0.0,
A0020,RBLBANK,43050.00000000001,223850.00000000003,266900.00000000006,-4750.0,0.0,
A0020,RELIANCE,341530.0,1540680,1882210,-185600.0,0.0,
A0020,SBIN,-3651854.5,325650.0,-3326204.5,-600.0,11849.999999999998,
A0020,SRTRANSFIN,75798.45000000001,483192.0,558990.45,71820.0,0.0,
A0020,TATAMOTORS,1202820,7726777,8929597,-240255.0,-1140.0,
A0020,TATAPOWER,2280639,13328752,15609391,278100.0,0.0,
A0020,TATASTEEL,31029.25,191675.0,222704.25,-12750.0,0.0,
A0020,TCS,1283772,5856276,7140048,-697410.0,0.0,
A0020,TITAN,210455.43750000003,915907.5,1126362,-1462.5,0.0,
A0020,TORNTPOWER,27391.875000000004,127665.0,155056.875,13425.000000000116,0.0,
A0020,ULTRACEMCO,429796.5,1990400,2420196,0.0,0.0,
A0020,VOLTAS,31528.0,136440.0,167968.0,0.0,0.0,
A0034,L&TFH,142427.04,480557.39999999997,622984.44,0.0,0.0,
A0034,NIFTY,0.0,0.0,0.0,0.0,-27675.0,
A0042,ABCAPITAL,42279.3,273348.0,315627.3,0.0,0.0,
A0042,ADANIPORTS,3853380,10764087,14617467,-523875.0,-17187.5,
A0042,AMBUJACEM,229407.12900000002,606634.38,836041.5090000001,0.0,0.0,
A0042,APOLLOTYRE,209658.75,974750.0,1184408,0.0,0.0,
A0042,ASHOKLEY,209081.25,440250.0,649331.25,0.0,0.0,
A0042,ASIANPAINT,285201.0,987838.0,1273039,1400.0,2400.0,
A0042,AXISBANK,193687.20000000004,568596.0,762283.2000000001,0.0,-4800.0,
A0042,BAJAJ-AUTO,64730.75,264610.0,329340.75,0.0,0.0,
A0042,BANKBARODA,217035.00000000003,1302795,1519830,0.0,0.0,
A0042,BANKNIFTY,6959741,14040435,21000176,0.0,135215.0,
A0042,BEL,63830.025000000016,285057.0,348887.025,0.0,0.0,
A0042,BHARATFORG,392227.5,2544990,2937217,0.0,0.0,
A0042,BHEL,106574.99999999999,404040.0,510615.0,0.0,0.0,
A0042,CUMMINSIND,191992.5,612594.24,804586.74,0.0,0.0,
A0042,DRREDDY,72436.0,133397.2,205833.2,0.0,0.0,
A0042,EICHERMOT,293692.83125000005,1378794,1672487,0.0,0.0,
A0042,FEDERALBNK,153234.375,406786.0,560020.375,0.0,0.0,
A0042,GNFC,121457.70000000003,378495.0,499952.7,0.0,0.0,
A0042,GUJGASLTD,109451.5625,311866.75,421318.3125,0.0,0.0,
A0042,HAL,821095.184,2108273,2929368,0.0,0.0,
A0042,HDFCBANK,556767.7500000001,1787731,2344498,0.0,-6380.0,
A0042,HINDALCO,134214.01875000005,580930.0,715144.01875,0.0,0.0,
A0042,ICICIBANK,127374.84375000003,348782.5,476157.34375,0.0,0.0,
A0042,IEX,135148.125,418500.0,553648.125,46875.0,0.0,
A0042,INDHOTEL,483038.1780000001,1101653,1584691,0.0,0.0,
A0042,INDUSINDBK,419349.65625,1614506,2033856,0.0,12645.0,
A0042,INFY,258070.05000000005,1016256,1274326,-19575.0,0.0,
A0042,IRCTC,63007.87499999999,237020.0,300027.875,0.0,0.0,
A0042,ITC,1144505,2540192,3684697,0.0,0.0,
A0042,KOTAKBANK,130389.00000000001,359224.0,489613.0,0.0,-319.99999999999636,
A0042,M&M,576669.975,2259026,2835695,-32200.0,8190.0,
A0042,MARUTI,686743.5750000002,3388654,4075397,-1685.0,0.0,
A0042,NIFTY,366153.0,1470350,1836503,0.0,-17650.0,
A0042,NTPC,114478.0875,408482.52,522960.60750000004,0.0,0.0,
A0042,ONGC,95308.67499999999,348117.0,443425.675,-48895.0,0.0,
A0042,RELIANCE,640368.75,1741520,2381888,-46400.0,-21900.0,
A0042,SBICARD,51270.8,287352.0,338622.8,0.0,0.0,
A0042,SBIN,303518.25,728550.0,1032068,0.0,3524.9999999999973,
A0042,SUNPHARMA,270803.4,1234226,1505029,0.0,0.0,
A0042,TATACOMM,122729.25,588160.0,710889.25,0.0,0.0,
A0042,TATAMOTORS,3249725,15682866,18932591,-329460.0,-8549.999999999993,
A0042,TATAPOWER,2426494,11357077,13783571,165375.0,0.0,
A0042,TATASTEEL,77573.125,134555.0,212128.125,0.0,0.0,
A0042,TCS,250492.20000000007,942301.5,1192793,-49867.5,0.0,
A0042,TITAN,368297.015625,1092150,1460447,0.0,2324.999999999998,
A0042,TVSMOTOR,177939.825,1042930,1220869,0.0,0.0,
A0042,UPL,207867.88750000004,522080.0,729947.8875000001,0.0,0.0,
A0042,VEDL,121324.70000000003,745767.0,867091.7000000001,0.0,0.0,
A0042,WIPRO,13802.25,59530.0,73332.25,-5700.0,0.0,
A0042,ZEEL,219198.00000000003,810300.0,1029498,0.0,0.0,
A0044,NIFTY,36615.3,-48159.5,-11544.199999999997,0.0,-1400.0000000000002,
A0045,TATAPOWER,26519.062500000004,158962.5,185481.5625,4218.75,0.0,
A0052,TATASTEEL,15514.625,95837.5,111352.125,-6375.0,0.0,
A0103,BANDHANBNK,157711.05,550692.0,708403.05,-44640.0,0.0,
A0103,GNFC,121457.70000000003,194155.0,315612.7,26910.000000000116,0.0,
A0103,IDEA,65782.5,394800.0,460582.5,0.0,0.0,
A0103,MANAPPURAM,119763.0,597600.0,717363.0,-22800.0,0.0,
A0103,NATIONALUM,65197.12500000001,460275.0,525472.125,0.0,0.0,
A0103,SAIL,49234.5,229920.0,279154.5,0.0,0.0,
A0104,HINDCOPPER,34208.65000000001,253958.0,288166.65,0.0,0.0,
A0104,IDEA,65782.5,394800.0,460582.5,0.0,0.0,
A0104,ITC,38796.8,157152.0,195948.8,0.0,0.0,
A0104,M&M,62342.700000000004,279384.0,341726.7,-16100.0,0.0,
A0104,MRF,86729.1075,427144.5,513873.6075,0.0,0.0,
A0104,NIFTY,1730072,1253637,2983709,0.0,0.0,
A0104,RECLTD,56728.0,238880.0,295608.0,0.0,0.0,
A0104,TATACHEM,79408.0,208240.0,287648.0,21000.0,0.0,
A0104,TATACOMM,40909.75,247250.0,288159.75,-1300.0,0.0,
A0104,TATAPOWER,53038.12500000001,321435.0,374473.125,0.0,0.0,
A0108,HAL,0.0,0.0,0.0,0.0,0.0,
A0111,HAL,0.0,0.0,0.0,0.0,0.0,
A0119,ADANIENT,80375.3125,164135.0,244510.3125,0.0,1375.0,
A0119,ADANIPORTS,209945.55,171050.0,380995.55,0.0,62.5,
A0119,AMBUJACEM,127469.97900000002,244296.0,371765.97900000005,0.0,0.0,
A0119,GUJGASLTD,21890.312500000004,71487.5,93377.8125,0.0,0.0,
A0119,NIFTY,457691.25,612370.0,1070061,0.0,975.0,
A0119,TATAMOTORS,675267.6,1111203,1786471,0.0,0.0,
A0119,TATAPOWER,132595.3125,211342.5,343937.8125,0.0,0.0,
A0119,ZEEL,109599.00000000001,257580.0,367179.0,0.0,0.0,
A0120,GODREJPROP,69839.65625000001,103901.33,173740.98625000002,0.0,0.0,
A0120,TATAMOTORS,168816.9,277800.9,446617.80000000005,0.0,0.0,
A0132,TCS,23483.643750000003,44979.0,68462.64375,0.0,0.0,
A0166,BPCL,19652.850000000002,82674.0,102326.85,11160.0,0.0,
A0209,NIFTY,3624914,4760258,8385172,0.0,162500.0,
A0209,PNB,85456.0,167840.0,253296.0,23200.0,0.0,
A0209,RAIN,41772.50000000001,300580.0,342352.5,0.0,0.0,
A0316,BAJFINANCE,65687.5625,-39815.0,25872.5625,-31637.5,0.0,
A0316,LTI,46387.950000000004,133113.0,179500.95,0.0,0.0,
A0340,L&TFH,47475.68000000001,159204.16,206679.84000000003,0.0,0.0,
A0340,SAIL,24617.25,114240.0,138857.25,0.0,0.0,
A0355,ADANIENT,32150.125,222590.0,254740.125,-2450.0,0.0,
A0355,ADANIPORTS,89952.1875,324900.0,414852.1875,-30375.0,0.0,
A0374,DELTACORP,42171.9375,124982.00000000001,167153.9375,0.0,0.0,
A0374,NIFTY,906228.675,656667.0,1562895,0.0,0.0,
A0374,RECLTD,85092.0,358880.0,443972.0,0.0,0.0,
A0374,SAIL,49234.5,229920.0,279154.5,0.0,0.0,
A0374,TATACOMM,40909.75,248810.0,289719.75,-3450.0,0.0,
A0374,TATACONSUM,49237.65,210510.0,259747.65,-7650.0,0.0,
A0654,BANKNIFTY,0.0,0.0,0.0,0.0,0.0,
A0654,NIFTY,45769.125,86919.0,132688.125,-7877.500000000233,2910.0000000000005,
A0718,TATAPOWER,79557.18750000001,477866.25,557423.4375,12487.5,0.0,
A0977,TCS,62623.05000000002,285672.0,348295.05000000005,-34020.0,0.0,
A1381,BAJFINANCE,0.0,0.0,0.0,0.0,-5318.75,
A1381,BANKNIFTY,0.0,0.0,0.0,0.0,0.0,
A1381,CUMMINSIND,0.0,-2058.0,-2058.0,0.0,0.0,
A1381,NIFTY,0.0,0.0,0.0,0.0,-74200.0,
A1528,BANKNIFTY,7214366,18650320,25864686,0.0,318750.0,
A1616,ABFRL,30498.65,157326.0,187824.65,-8320.000000000233,0.0,
A1616,ACC,217778.75000000003,974550.0,1192328,-35375.0,0.0,
A1616,ADANIENT,160750.625,229292.5,390043.125,0.0,212.5,
A1616,AMBUJACEM,535315.662,1847916,2383231,-100980.00000000093,0.0,
A1616,AUROPHARMA,0.0,-990.0,-990.0,0.0,0.0,
A1616,AXISBANK,0.0,0.0,0.0,0.0,0.0,
A1616,BALKRISIND,109150.38750000001,394890.0,504040.3875,17235.0,0.0,
A1616,BANDHANBNK,210381.53399999999,161659.8,372041.334,0.0,6480.000000000004,
A1616,BHARATFORG,65371.25,158860.0,224231.25,0.0,0.0,
A1616,BHARTIARTL,0.0,-275.5,-275.5,0.0,0.0,
A1616,CANBK,64949.85,76680.0,141629.85,0.0,0.0,
A1616,DIVISLAB,382473.00000000006,1609410,1991883,-11700.0,0.0,
A1616,INDIGO,387292.5,1143501,1530793,0.0,0.0,
A1616,INDUSINDBK,745510.5000000001,4445820,5191330,64800.0,0.0,
A1616,ITC,620748.8,2486784,3107532,0.0,0.0,
A1616,JUBLFOOD,27170.937500000004,125537.50000000001,152708.43750000003,0.0,-2687.5,
A1616,M&MFIN,81648.0,44840.0,126488.0,0.0,0.0,
A1616,MARUTI,65404.150000000016,201011.0,266415.15,0.0,0.0,
A1616,MCDOWELL-N,381193.75000000006,1823375,2204568,0.0,0.0,
A1616,MFSL,1671558,7218822,8890380,0.0,0.0,
A1616,MOTHERSON,1367155,2044372,3411527,-147487.5,0.0,
A1616,NIFTY,585844.8,1619810,2205654,55142.50000000186,35335.000000000015,
A1616,PVR,222749.77725,837642.63,1060392,0.0,0.0,
A1616,RELIANCE,853825.0000000001,3851700,4705525,-464000.0,0.0,
A1616,SRF,67524.1875,260895.00000000003,328419.1875,0.0,-900.0000000000009,
A1616,TATAMOTORS,94959.50625000002,404244.0,499203.50625000003,-13680.0,3348.750000000001,
A1616,TATASTEEL,77573.12500000001,479187.5,556760.625,-31875.0,0.0,
A1616,TITAN,87689.765625,198855.0,286544.765625,0.0,1331.2500000000005,
A1616,TRENT,327409.8187500001,1145681,1473091,0.0,0.0,
A1616,UPL,95939.02500000001,469248.0,565187.025,0.0,0.0,
A1616,VEDL,0.0,0.0,0.0,0.0,0.0,
A1616,VOLTAS,315280.00000000006,1364400,1679680,0.0,0.0,
A1616,ZEEL,0.0,0.0,0.0,0.0,0.0,
A1675,BANKNIFTY,6365617,2701504,9067121,0.0,154809.99999999994,
A1676,BANKNIFTY,0.0,0.0,0.0,0.0,0.0,
A1676,NIFTY,0.0,0.0,0.0,0.0,-3280.0,
A1770,BANKNIFTY,0.0,0.0,0.0,0.0,0.0,
A1877,BAJFINANCE,788250.7500000001,1098930,1887180,0.0,1999.999999999999,
A1910,BANKNIFTY,0.0,0.0,0.0,0.0,0.0,
A1911,BANKNIFTY,0.0,0.0,0.0,0.0,0.0,
A1946,BANKNIFTY,0.0,0.0,0.0,0.0,0.0,
A1946,NIFTY,0.0,0.0,0.0,0.0,-13940.0,
A1959,ACC,947337.5625,4069025,5016362,-120275.0,3037.5,
A1959,ADANIPORTS,1139622,2816150,3955772,-263250.0,0.0,
A1959,AMBUJACEM,4485234,27106812,31592046,-1447380.0,0.0,
A1959,BAJFINANCE,328437.8125,76307.2,404745.0125,-63275.0,17200.0,
A1959,BANKNIFTY,212187.25,282056.68,494243.93,-16750.0,14955.000000000004,
A1959,CONCOR,890023.7500000001,4875850,5765873,-227500.0,0.0,
A1959,INDUSINDBK,195696.50625,354508.92,550205.42625,9720.0,0.0,
A1959,JUBLFOOD,543418.75,67311.25000000001,610730.0,-127000.0,0.0,
A1959,MARUTI,572286.3125000001,447613.72,1019900,-13480.0,0.0,
A1959,MINDTREE,0.0,0.0,0.0,0.0,0.0,
A1959,NIFTY,274614.75,90740.0,365354.75,0.0,100.0,
A1959,TATACHEM,397040.0,413880.0,810920.0,0.0,0.0,
A1977,BANKNIFTY,286452.7875,262253.2500000001,548706.0375000001,0.0,7492.5,
A1977,NIFTY,247153.27500000002,229621.5,476774.775,0.0,6480.0,
A2089,BANKNIFTY,0.0,0.0,0.0,0.0,0.0,
A2142,ADANIENT,64300.25,446530.0,510830.25,5200.0,0.0,
A2142,BALRAMCHIN,101010.0,278720.0,379730.0,0.0,0.0,
A2142,GODREJPROP,41903.793750000004,280858.5,322762.29375,-10676.25,0.0,
A2142,IEX,115841.25000000001,639900.0,755741.25,140625.0,0.0,
A2142,INFY,143372.25000000003,703860.0,847232.25,-65250.0,0.0,
A2142,METROPOLIS,30665.250000000004,194136.0,224801.25,-7290.0,0.0,
A2142,MINDTREE,110187.0,759980.0,870167.0,0.0,0.0,
A2142,NIFTY,18307.65,86263.0,104570.65,7877.500000000233,0.0,
A2142,SAIL,24617.25,114960.0,139577.25,0.0,0.0,
A2142,TATASTEEL,15514.625,95837.5,111352.125,-6375.0,0.0,
A2142,TVSMOTOR,50839.950000000004,257992.0,308831.95,35839.99999999977,0.0,
A2142,VEDL,15165.587500000003,121411.5,136577.0875,-3565.000000000058,0.0,
A2142,WIPRO,69011.25000000001,297650.0,366661.25,-28500.0,0.0,
A2158,BEL,21276.675000000003,112575.0,133851.675,-8265.0,0.0,
A2158,GLENMARK,139357.575,764554.5,903912.075,0.0,0.0,
A2158,GODREJPROP,13967.931250000003,93034.5,107002.43125000001,-3477.500000000058,0.0,
A2158,HCLTECH,0.0,0.0,0.0,0.0,0.0,
A2158,HDFCLIFE,301147.9625,1146112,1447259,45759.99999999907,0.0,
A2158,PNB,85456.0,166720.0,252176.0,0.0,0.0,
A2158,RBLBANK,86100.00000000001,447700.00000000006,533800.0000000001,-9500.0,0.0,
A2158,TATACHEM,119112.00000000001,221460.0,340572.0,0.0,0.0,
A2158,TATAPOWER,106076.25000000001,635850.0,741926.25,16875.0,0.0,
A2158,WIPRO,13802.25,59160.0,72962.25,-6100.0,0.0,
A2166,AMARAJABAT,0.0,0.0,0.0,0.0,0.0,
A2166,AMBUJACEM,203874.30000000002,1231632,1435506,-67320.00000000047,0.0,
A2166,AXISBANK,1162123,6478272,7640395,343440.0,0.0,
A2166,BANKNIFTY,1697498,10362940,12060438,-335000.0,0.0,
A2166,BHARATFORG,183039.50000000003,1112020,1295059,0.0,0.0,
A2166,IDFC,738080.0000000002,5897600,6635680,-112000.0,0.0,
A2166,INDUSINDBK,111826.57500000001,666873.0,778699.575,9720.0,0.0,
A2166,PFC,645661.8000000002,3088530,3734191,0.0,0.0,
A2166,PIIND,401395.3125,2181337,2582732,0.0,0.0,
A2166,PNB,170912.0,332480.0,503392.0,0.0,0.0,
A2166,RECLTD,680736.0000000001,2849280,3530016,0.0,0.0,
A2221,ADANIPORTS,119936.25,246675.0,366611.25,0.0,0.0,
A2221,APOLLOTYRE,104829.375,414960.0,519789.375,0.0,0.0,
A2221,BANKBARODA,27129.375000000004,156604.5,183733.875,0.0,0.0,
A2221,BEL,42553.350000000006,190038.0,232591.35,0.0,0.0,
A2221,BHARATFORG,78445.5,462820.0,541265.5,0.0,0.0,
A2221,CUMMINSIND,153594.00000000003,585672.0,739266.0,0.0,0.0,
A2221,HAL,182452.725,499419.75,681872.475,0.0,0.0,
A2221,HDFCBANK,222707.10000000006,699468.0,922175.1000000001,0.0,0.0,
A2221,HEROMOTOCO,58003.05000000001,130086.0,188089.05000000002,0.0,-1170.0,
A2221,INDHOTEL,46003.636000000006,319226.14,365229.776,0.0,0.0,
A2221,INDUSINDBK,111826.57500000001,542655.0,654481.575,0.0,0.0,
A2221,ITC,38796.8,138592.0,177388.8,0.0,0.0,
A2221,MARUTI,327020.75,1474085,1801105,0.0,0.0,
A2221,RELIANCE,42691.25,135555.0,178246.25,0.0,-5150.0,
A2221,SUNPHARMA,180535.60000000003,763308.0,943843.6000000001,0.0,0.0,
A2221,TATAMOTORS,42204.225000000006,189639.0,231843.225,0.0,0.0,
A2221,TATAPOWER,106076.25000000001,553365.0,659441.25,0.0,0.0,
A2221,TATASTEEL,46543.87500000001,159502.5,206046.375,0.0,0.0,
A2221,TITAN,70151.8125,397710.0,467861.8125,0.0,0.0,
A2221,TVSMOTOR,25419.975000000002,137662.0,163081.975,0.0,0.0,
A2221,UPL,31979.675000000007,93704.0,125683.675,0.0,0.0,
A2221,VEDL,30331.175000000007,169756.0,200087.17500000002,0.0,0.0,
A2268,ADANIPORTS,509900.39999999997,648780.0,1158680,-40500.0,0.0,
A2268,BANKNIFTY,0.0,0.0,0.0,0.0,0.0,
A2268,BHARATFORG,26148.5,130030.0,156178.5,0.0,0.0,
A2268,BPCL,39305.700000000004,165348.0,204653.7,22320.0,0.0,
A2268,NIFTY,0.0,0.0,0.0,0.0,0.0,
A2268,TATAMOTORS,21102.112500000003,85015.5,106117.6125,0.0,0.0,
A2268,WIPRO,69011.25000000001,295800.0,364811.25,-30500.0,0.0,
A2684,ABFRL,243989.2,-272896.0,-28906.79999999999,66560.00000000186,0.0,
A2684,ACC,65333.625000000015,284645.0,349978.625,-10612.5,0.0,
A2684,ADANIENT,0.0,0.0,0.0,0.0,0.0,
A2684,ADANIPORTS,119936.25,433200.0,553136.25,-40500.0,0.0,
A2684,ALKEM,136829.7,244134.0,380963.7,0.0,0.0,
A2684,AMBUJACEM,101937.15000000001,615816.0,717753.15,-33660.00000000023,0.0,
A2684,ASHOKLEY,111510.0,213000.0,324510.0,0.0,-250.0,
A2684,AUBANK,89299.0,517880.0,607179.0,17200.0,0.0,
A2684,AUROPHARMA,0.0,0.0,0.0,0.0,0.0,
A2684,AXISBANK,129124.80000000003,716880.0,846004.8,-38160.0,0.0,
A2684,BAJFINANCE,65687.5625,320472.5,386160.0625,-31637.5,0.0,
A2684,BANDHANBNK,788555.25,4230270,5018825,-54450.0,0.0,
A2684,BANKBARODA,339117.1875,828477.0,1167594,0.0,0.0,
A2684,BANKNIFTY,15585153,22545334,38130487,16750.0,31665.0,
A2684,BHARTIARTL,153884.32500000004,679668.0,833552.3250000001,70680.0,0.0,
A2684,BHEL,0.0,0.0,0.0,0.0,0.0,
A2684,CHOLAFIN,0.0,0.0,0.0,0.0,0.0,
A2684,CONCOR,0.0,-2040.0,-2040.0,0.0,0.0,
A2684,COROMANDEL,0.0,-1701.0,-1701.0,0.0,0.0,
A2684,CUMMINSIND,0.0,0.0,0.0,0.0,0.0,
A2684,DEEPAKNTR,0.0,0.0,0.0,0.0,0.0,
A2684,DELTACORP,84343.875,248400.0,332743.875,0.0,0.0,
A2684,DIVISLAB,1137857,1178005,2315862,3510.0,-9982.5,
A2684,DIXON,0.0,0.0,0.0,0.0,0.0,
A2684,DLF,42729.225000000006,279081.0,321810.225,-23925.0,0.0,
A2684,FEDERALBNK,102156.25,192450.0,294606.25,0.0,0.0,
A2684,GMRINFRA,87885.0,96975.00000000001,184860.0,0.0,0.0,
A2684,GNFC,303644.25000000006,276939.0,580583.25,0.0,0.0,
A2684,GUJGASLTD,0.0,0.0,0.0,0.0,0.0,
A2684,HDFCBANK,27838.387500000008,126406.5,154244.8875,-11880.0,0.0,
A2684,HINDALCO,0.0,0.0,0.0,0.0,0.0,
A2684,HINDUNILVR,140807.62500000003,530550.0,671357.625,21750.0,0.0,
A2684,ICICIBANK,42458.28125000001,186615.0,229073.28125,-618.75,0.0,
A2684,IDFCFIRSTB,63918.75,152400.0,216318.75,0.0,0.0,
A2684,INDIGO,38729.25000000001,384.0,39113.25000000001,0.0,0.0,
A2684,IPCALAB,99411.81250000001,392177.5,491589.3125,0.0,19987.5,
A2684,ITC,38796.8,155424.0,194220.8,0.0,0.0,
A2684,L&TFH,47475.68000000001,159204.16,206679.84000000003,0.0,0.0,
A2684,LTI,46387.950000000004,294903.0,341290.95,0.0,0.0,
A2684,MANAPPURAM,434340.4799999999,713580.0,1147920,0.0,4800.0,
A2684,METROPOLIS,30665.250000000004,192917.99999999997,223583.24999999997,-6780.0,0.0,
A2684,MFSL,0.0,-1859.0,-1859.0,0.0,0.0,
A2684,MINDTREE,760290.3,1290060,2050350,-95200.0,0.0,
A2684,MOTHERSON,139505.625,-16200.0,123305.625,38812.5,0.0,
A2684,MRF,28909.7025,140859.69999999998,169769.40249999997,0.0,0.0,
A2684,NAUKRI,1023395,1177490,2200885,0.0,13500.0,
A2684,NAVINFLUOR,72894.93750000001,374328.0,447222.9375,0.0,0.0,
A2684,NIFTY,1473765,4969470,6443236,422060.0,1875.0,
A2684,NMDC,0.0,0.0,0.0,0.0,0.0,
A2684,NTPC,376142.2875,486381.00000000006,862523.2875000001,0.0,0.0,
A2684,PEL,206990.4375,153183.25,360173.6875,0.0,0.0,
A2684,PIIND,2568930,3661749,6230680,0.0,0.0,
A2684,PNB,3332784,1961280,5294064,0.0,0.0,
A2684,POWERGRID,162698.28750000003,64665.0,227363.28750000003,0.0,-1215.0,
A2684,RAMCOCEM,174073.2,401506.0,575579.2,-36210.0,0.0,
A2684,SAIL,0.0,0.0,0.0,0.0,0.0,
A2684,SBIN,115626.00000000001,563520.0,679146.0,27600.000000000466,0.0,
A2684,SRF,303858.84375,1024503,1328362,10593.75,-25950.0,
A2684,TATACHEM,0.0,0.0,0.0,0.0,0.0,
A2684,TATACONSUM,147712.95,142380.0,290092.95,0.0,0.0,
A2684,TATAMOTORS,1603760,10276587,11880347,-346560.0,0.0,
A2684,TATAPOWER,212152.50000000003,1271700,1483852,33750.0,0.0,
A2684,TCS,15655.762500000004,71418.0,87073.76250000001,-8505.0,0.0,
A2684,TECHM,108685.5,140316.0,249001.5,0.0,1440.0,
A2684,TITAN,1473188,6411352,7884540,-10237.5,0.0,
A2684,TRENT,1200502,1210887,2411390,0.0,0.0,
A2684,VEDL,636954.675,1390815,2027769,-30690.0,57970.0,
A2684,WIPRO,0.0,0.0,0.0,0.0,0.0,
A2689,AMBUJACEM,3975548,24016824,27992372,-1312740.0,0.0,
A2689,BANKNIFTY,15553325,40798091,56351416,0.0,1041974,
A2689,DEEPAKNTR,37864.75,234310.0,272174.75,0.0,0.0,
A2689,FINNIFTY,1907095,3015020,4922115,0.0,0.0,
A2689,HINDUNILVR,478745.9250000001,1803870,2282615,73950.0,0.0,
A2689,ICICIBANK,127374.84375,562567.5,689942.34375,1856.25,0.0,
A2689,IDEA,65782.5,392000.0,457782.5,14000.0,0.0,
A2689,INDIACEM,257200.99999999997,694840.0,952041.0,31900.0,0.0,
A2689,INDUSINDBK,0.0,0.0,0.0,0.0,0.0,
A2689,M&M,0.0,0.0,0.0,0.0,0.0,
A2689,MARUTI,0.0,0.0,0.0,0.0,0.0,
A2689,MCDOWELL-N,114358.125,547012.5,661370.625,0.0,0.0,
A2689,MPHASIS,111322.18125000002,586593.0,697915.18125,31657.5,0.0,
A2689,NESTLEIND,103577.04000000002,454009.6,557586.64,0.0,0.0,
A2689,NIFTY,4119221,12792825,16912046,0.0,676125.0,
A2689,NTPC,0.0,0.0,0.0,0.0,0.0,
A2689,PNB,85456.0,166720.0,252176.0,0.0,0.0,
A2689,RELIANCE,266820.3125,206062.5,472882.8125,0.0,0.0,
A2689,SAIL,1477035,6854400,8331435,0.0,0.0,
A2689,SBIN,115626.00000000001,566100.0,681726.0,-27600.000000000466,0.0,
A2689,TATAMOTORS,337633.80000000005,2156424,2494057,72960.0,0.0,
A2794,ADANIPORTS,2038916,7402650,9441566,-607500.0,0.0,
A2794,AMBUJACEM,2956177,17858664,20814841,-976140.0000000075,0.0,
A2794,BAJFINANCE,131375.125,473282.5,604657.625,-15818.75,0.0,
A2794,BANDHANBNK,920331.5939999998,-175392.0,744939.5939999998,-152460.0,0.0,
A2794,BANKNIFTY,190968.525,625509.5,816478.025,-8375.0,9447.5,
A2794,CONCOR,470441.125,1177069,1647510,-52000.0,0.0,
A2794,INDUSINDBK,93188.8125,222291.0,315479.8125,3240.0,0.0,
A2794,MARUTI,196212.45,412376.14,608588.5900000001,-3370.0,1640.0000000000005,
A2794,MINDTREE,473804.10000000003,723466.0,1197270,-81600.0,0.0,
A2794,NIFTY,366153.0,194610.0,560763.0,75450.0,-59175.0,
A2794,TATAMOTORS,52755.28125,135218.25,187973.53125,-4560.0,4560.0,
A2798,ADANIPORTS,89952.1875,146775.0,236727.1875,0.0,0.0,
A2798,BHARATFORG,26148.5,130030.0,156178.5,0.0,0.0,
A2798,NIFTY,411922.125,591273.0,1003195,0.0,2115.0,
A2822,BANKNIFTY,0.0,0.0,0.0,0.0,0.0,
AHDA465,BANKNIFTY,0.0,0.0,0.0,0.0,0.0,
AHDA508,INFY,0.0,0.0,0.0,0.0,0.0,
AHDA508,NIFTY,0.0,-1179.0,-1179.0,0.0,-360.0,
AHDJ216,HINDPETRO,21437.325000000004,102843.00000000001,124280.32500000001,0.0,0.0,
AHDJ216,IDEA,131565.0,785400.0,916965.0,20999.999999999767,0.0,
AHDJ265,AMBUJACEM,0.0,0.0,0.0,0.0,0.0,
AHDJ265,NIFTY,36615.3,172526.0,209141.3,15755.000000000466,0.0,
AHDJ265,ZEEL,109599.00000000001,402060.00000000006,511659.00000000006,-17700.0,0.0,
AHDJ331,NIFTY,0.0,0.0,0.0,0.0,134.99999999999977,
AHM0180,BANKNIFTY,0.0,0.0,0.0,0.0,0.0,
AHM0180,HDFCAMC,39622.8,198810.0,238432.8,7140.0,0.0,
AHM0180,HEROMOTOCO,29001.525000000005,121686.0,150687.525,-9465.0,0.0,
AHM0180,IOC,23017.312500000004,96135.0,119152.3125,0.0,0.0,
AHM0180,JINDALSTEL,130401.25000000003,1144462,1274863,9375.0,0.0,
AHM0180,NIFTY,73230.6,346979.0,420209.6,30840.000000000233,0.0,
AHM0180,POWERGRID,19140.975000000002,86643.00000000001,105783.97500000002,-405.0,0.0,
AHM0180,SAIL,73851.75,344160.0,418011.75,0.0,0.0,
ARM036,AMBUJACEM,0.0,0.0,0.0,0.0,0.0,
ARM036,BHARTIARTL,0.0,0.0,0.0,0.0,0.0,
ARM036,ICICIBANK,0.0,0.0,0.0,0.0,0.0,
ARM036,TATASTEEL,0.0,0.0,0.0,0.0,0.0,
ARM036,UPL,0.0,0.0,0.0,0.0,0.0,
ARM045,M&M,0.0,0.0,0.0,0.0,-13580.000000000004,
AS815,BANKNIFTY,0.0,-6087.0,-6087.0,0.0,-29305.0,
CAV001,BANKNIFTY,0.0,0.0,0.0,0.0,0.0,
CAV022,BANKNIFTY,0.0,0.0,0.0,0.0,0.0,
CB108,FINNIFTY,0.0,0.0,0.0,0.0,0.0,
CB112,FINNIFTY,0.0,0.0,0.0,0.0,0.0,
CB113,FINNIFTY,0.0,0.0,0.0,0.0,0.0,
CB114,FINNIFTY,0.0,0.0,0.0,0.0,0.0,
CB116,FINNIFTY,0.0,0.0,0.0,0.0,0.0,
CB118,FINNIFTY,0.0,0.0,0.0,0.0,0.0,
CB120,FINNIFTY,0.0,0.0,0.0,0.0,0.0,
DKG073,ONGC,0.0,-1540.0,-1540.0,0.0,0.0,
DKM001,NIFTY,0.0,0.0,0.0,0.0,0.0,
DKM002,BANKNIFTY,0.0,0.0,0.0,0.0,0.0,
DKM002,NIFTY,0.0,0.0,0.0,0.0,0.0,
DKM005,NIFTY,0.0,0.0,0.0,0.0,0.0,
DPN040,ADANIENT,0.0,0.0,0.0,0.0,0.0,
DPN040,NIFTY,0.0,0.0,0.0,0.0,3237.499999999999,
EA007,BAJFINANCE,0.0,0.0,0.0,0.0,-1481.25,
EA007,DEEPAKNTR,0.0,0.0,0.0,0.0,0.0,
GHD100,BANKNIFTY,0.0,0.0,0.0,0.0,0.0,
HJ011,FINNIFTY,0.0,0.0,0.0,0.0,0.0,
HJ014,AMBUJACEM,611622.9,3694896,4306518,-201960.00000000186,0.0,
HJ014,ASHOKLEY,111510.00000000003,583200.0,694710.0,-31000.0,0.0,
HJ014,HINDUNILVR,140807.62500000003,530550.0,671357.625,21750.0,0.0,
HJ014,TITAN,175379.53125,763256.25,938635.78125,-1218.75,0.0,
HJ026,AMBUJACEM,0.0,0.0,0.0,0.0,0.0,
HJ026,BANKNIFTY,0.0,0.0,0.0,0.0,0.0,
HJ026,NIFTY,0.0,0.0,0.0,0.0,0.0,
HJ033,BANKNIFTY,0.0,0.0,0.0,0.0,0.0,
HJ033,FINNIFTY,0.0,0.0,0.0,0.0,0.0,
HM001,NIFTY,0.0,-2620.0,-2620.0,0.0,-800.0,
HNK013,BANKNIFTY,21218.725,129536.75,150755.475,-4187.5,0.0,
HPV002,BANKNIFTY,212187.25,916090.0,1128277,0.0,1262.5,
JAM01009,BAJAJFINSV,60266.5,316510.0,376776.5,-18850.0,0.0,
JAM01009,BAJFINANCE,32843.78125,160236.25,193080.03125,-15818.75,0.0,
JAM01009,TATAMOTORS,21102.112500000003,135218.25,156320.3625,-4560.0,0.0,
JAM01080,BANKNIFTY,0.0,0.0,0.0,0.0,0.0,
JAM01109,NIFTY,0.0,0.0,0.0,0.0,0.0,
KH066,SIEMENS,54948.162500000006,232248.5,287196.6625,0.0,0.0,
KH066,WIPRO,13802.25,59160.0,72962.25,-6100.0,0.0,
KH069,HDFCAMC,39622.8,198810.0,238432.8,7140.0,0.0,
KH069,SIEMENS,54948.162500000006,232248.5,287196.6625,0.0,0.0,
KH071,INDUSINDBK,18637.7625,111145.5,129783.2625,1620.0,0.0,
KH071,SIEMENS,27474.081250000003,116124.25,143598.33125,0.0,0.0,
KH266,ASTRAL,22291.018750000003,102495.25,124786.26875,-577.5,0.0,
KH266,KOTAKBANK,26077.800000000003,115444.0,141521.8,-6460.0,0.0,
KH266,MANAPPURAM,29940.75,148500.0,178440.75,-4800.0,0.0,
KH266,TATAMOTORS,21102.112500000003,135218.25,156320.3625,-4560.0,0.0,
KH289,INDUSINDBK,18637.7625,111145.5,129783.2625,1620.0,0.0,
KH289,MANAPPURAM,29940.75,148500.0,178440.75,-4800.0,0.0,
KH289,SIEMENS,27474.081250000003,116124.25,143598.33125,0.0,0.0,
KH289,TATAMOTORS,21102.112500000003,135218.25,156320.3625,-4560.0,0.0,
KH294,SIEMENS,27474.081250000003,116124.25,143598.33125,0.0,0.0,
KH294,TATAMOTORS,21102.112500000003,136059.0,157161.1125,-3705.0,0.0,
KH298,BANKNIFTY,0.0,0.0,0.0,0.0,0.0,
KH298,INDUSINDBK,18637.7625,111145.5,129783.2625,1620.0,0.0,
KH298,SIEMENS,27474.081250000003,116124.25,143598.33125,0.0,0.0,
KH298,TATAMOTORS,0.0,0.0,0.0,0.0,0.0,
KH334,BANDHANBNK,0.0,-828.0,-828.0,0.0,0.0,
KH353,IEX,19306.875,105975.0,125281.875,23812.5,0.0,
KH405,MPHASIS,12369.131250000002,65420.25,77789.38125,-3517.5,0.0,
KL002,NIFTY,0.0,0.0,0.0,0.0,0.0,
KS055,PNB,0.0,-2240.0,-2240.0,0.0,0.0,
KS117,BHEL,266437.5,915075.0,1181512,0.0,0.0,
KS117,RAIN,41772.50000000001,298760.0,340532.5,0.0,0.0,
KS126,NIFTY,0.0,0.0,0.0,0.0,0.0,
KS126,WIPRO,27604.5,118320.0,145924.5,-12200.0,0.0,
KS145,IEX,38613.75,212625.0,251238.75,47250.0,0.0,
KS145,INDUSTOWER,18923.800000000003,114492.0,133415.8,13720.0,0.0,
KS145,WIPRO,27604.5,118320.0,145924.5,-12200.0,0.0,
KS150,ADANIPORTS,59968.125,216600.0,276568.125,-20250.0,0.0,
M0225,HAL,0.0,-3420.0,-3420.0,0.0,0.0,
M0225,PNB,0.0,-2720.0,-2720.0,0.0,0.0,
M0244,NIFTY,0.0,0.0,0.0,0.0,-18030.0,
M0819,NIFTY,27461.475000000002,0.0,27461.475000000002,0.0,-485.0,
MA007,NIFTY,0.0,0.0,0.0,0.0,-547.5,
MA026,BANKNIFTY,0.0,0.0,0.0,0.0,-14637.5,
MAL01018,NIFTY,0.0,0.0,0.0,0.0,-1072.5,
MAL01028,NIFTY,0.0,0.0,0.0,0.0,0.0,
MAL01028,RBLBANK,0.0,0.0,0.0,0.0,0.0,
MAL10001,BANKNIFTY,21218.725,129536.75,150755.475,-4187.5,0.0,
MAL10002,HDFCBANK,0.0,0.0,0.0,0.0,0.0,
MAL10002,INDIACEM,0.0,0.0,0.0,0.0,0.0,
MAL19010,BANKNIFTY,31828.087499999998,9967.647500000001,41795.735,0.0,3923.75,
MAL19010,NIFTY,27461.475000000002,8409.374999999998,35870.85,0.0,0.0,
MALZV020,BAJFINANCE,0.0,-268.75,-268.75,0.0,0.0,
MAN19003,BANKNIFTY,0.0,0.0,0.0,0.0,0.0,
MAS05019,BALRAMCHIN,50505.0,138496.0,189001.0,0.0,0.0,
MAS05019,BANKNIFTY,0.0,0.0,0.0,0.0,0.0,
MAS05019,CHAMBLFERT,-1101353.75,113205.0,-988148.75,0.0,0.0,
MAS05019,GNFC,728746.2000000001,1164930,1893676,161460.0,0.0,
MAS05019,KOTAKBANK,0.0,0.0,0.0,0.0,0.0,
MAS05019,NIFTY,0.0,0.0,0.0,0.0,0.0,
MAS05019,TATAMOTORS,42204.225000000006,272118.0,314322.225,-7410.0,0.0,
MAS05019,TATAPOWER,53038.12500000001,319882.5,372920.625,8100.0,0.0,
MAS05045,CANBK,43299.90000000001,383724.0,427023.9,-16740.000000000233,0.0,
MAS05045,JINDALSTEL,18628.750000000004,163225.00000000003,181853.75000000003,4687.5,0.0,
MAS05045,RBLBANK,43050.00000000001,224750.0,267800.0,0.0,0.0,
MAS09013,ICICIBANK,0.0,0.0,0.0,0.0,0.0,
MAS09025,BANKNIFTY,0.0,0.0,0.0,0.0,-147.49999999999994,
MAS09025,JSWSTEEL,0.0,0.0,0.0,0.0,0.0,
MAS09025,NIFTY,0.0,0.0,0.0,0.0,0.0,
MAS09029,BANKNIFTY,0.0,0.0,0.0,0.0,0.0,
MAS12027,NIFTY,0.0,0.0,0.0,0.0,0.0,
MAS15082,CANBK,43299.90000000001,219378.51,262678.41000000003,-16740.000000000233,0.0,
MAS15082,JINDALSTEL,18628.750000000004,163225.00000000003,181853.75000000003,4687.5,0.0,
MAS15116,NIFTY,0.0,0.0,0.0,0.0,0.0,
MAS44001,MARUTI,0.0,0.0,0.0,0.0,0.0,
MAS44002,JINDALSTEL,0.0,0.0,0.0,0.0,0.0,
MAS44002,TATACOMM,20454.875,123625.0,144079.875,-650.0,0.0,
MAS44011,HDFCBANK,27838.387500000008,126406.5,154244.8875,-11880.0,0.0,
MAS44011,TATASTEEL,15514.625,95837.5,111352.125,-6375.0,0.0,
MAS44020,HDFCBANK,27838.387500000008,126406.5,154244.8875,-11880.0,0.0,
MAS44021,IDEA,32891.25,196000.0,228891.25,7000.0,0.0,
MAS44021,SAIL,24617.25,114240.0,138857.25,0.0,0.0,
MAS44037,IRCTC,31503.937499999996,140008.75,171512.6875,0.0,0.0,
MAS44050,TATAPOWER,66297.65625,158962.5,225260.15625,4218.75,0.0,
MASXA003,BANKNIFTY,74265.53749999999,242896.5,317162.0375,-4187.5,1753.75,
MASXA003,DEEPAKNTR,18932.375,117155.0,136087.375,0.0,0.0,
MASXA003,TATAMOTORS,21102.112500000003,135218.25,156320.3625,-4560.0,0.0,
MASXA003,TATAPOWER,26519.062500000004,158962.5,185481.5625,4218.75,0.0,
MASXC004,BANKNIFTY,0.0,0.0,0.0,0.0,0.0,
MASYC007,BPCL,19652.850000000002,82674.0,102326.85,11160.0,0.0,
MASYC007,GNFC,121457.70000000003,194155.0,315612.7,26910.000000000116,0.0,
MASYV005,INFY,21505.8375,65505.0,87010.8375,0.0,2280.0,
MASYV050,ICICIBANK,0.0,0.0,0.0,0.0,0.0,
MASYV050,NIFTY,0.0,0.0,0.0,0.0,-6510.0,
MB1337,BANKNIFTY,0.0,0.0,0.0,0.0,-64762.5,
MB144,FEDERALBNK,0.0,0.0,0.0,0.0,0.0,
MB144,ITC,0.0,0.0,0.0,0.0,0.0,
MB2133,NIFTY,0.0,0.0,0.0,0.0,3237.499999999999,
MDS002,BANKNIFTY,0.0,0.0,0.0,0.0,0.0,
MDS004,BANKNIFTY,0.0,0.0,0.0,0.0,0.0,
MDS005,BANKNIFTY,0.0,0.0,0.0,0.0,0.0,
MDS007,BANKNIFTY,0.0,0.0,0.0,0.0,0.0,
MDS009,BANKNIFTY,0.0,0.0,0.0,0.0,0.0,
MDS010,BANKNIFTY,0.0,0.0,0.0,0.0,0.0,
MDS012,BANKNIFTY,0.0,0.0,0.0,0.0,0.0,
MDS016,BANKNIFTY,0.0,0.0,0.0,0.0,0.0,
MHM01045,BAJAJFINSV,30133.25,158255.0,188388.25,-9425.0,0.0,
MHM01045,CHAMBLFERT,17298.750000000004,101445.0,118743.75,0.0,0.0,
MHM01045,DELTACORP,42171.9375,124982.00000000001,167153.9375,0.0,0.0,
MHM01045,HAL,60817.575000000004,238668.5,299486.075,15841.25,0.0,
MHM01045,HDFC,24709.125000000004,123420.0,148129.125,-13395.0,0.0,
MHM01045,HDFCAMC,19811.4,100032.0,119843.4,2250.0,0.0,
MHM01045,INDIACEM,64300.24999999999,174812.0,239112.25,7685.0,0.0,
MHM01045,JSWSTEEL,63220.50000000001,379741.5,442962.0,0.0,0.0,
MHM01045,KOTAKBANK,26077.800000000003,115444.0,141521.8,-6460.0,0.0,
MHM01045,L&TFH,47475.68000000001,159204.16,206679.84000000003,0.0,0.0,
MHM01045,LUPIN,19288.412500000002,102170.0,121458.4125,0.0,0.0,
MHM01045,POLYCAB,27098.400000000005,133701.0,160799.4,-1635.0,0.0,
MHM01045,TATAPOWER,106076.25000000001,635850.0,741926.25,16875.0,0.0,
MHM01105,MARUTI,0.0,-2763.0,-2763.0,0.0,0.0,
MHM01105,NIFTY,0.0,0.0,0.0,0.0,50850.0,
MHM01179,BEL,0.0,0.0,0.0,0.0,0.0,
MHM01179,INDUSINDBK,0.0,0.0,0.0,0.0,0.0,
MHM01179,IRCTC,0.0,0.0,0.0,0.0,0.0,
MHM01179,KOTAKBANK,0.0,0.0,0.0,0.0,0.0,
MHM01179,SRTRANSFIN,0.0,0.0,0.0,0.0,0.0,
MHM01213,ADANIPORTS,299840.625,1083000,1382840,-101250.0,0.0,
MHM01213,L&TFH,0.0,0.0,0.0,0.0,0.0,
MHM01213,METROPOLIS,30665.250000000004,192917.99999999997,223583.24999999997,-6780.0,0.0,
MHM01213,PIDILITIND,24505.6875,95615.0,120120.6875,6800.0,0.0,
MHMZB001,ONGC,0.0,-10202.5,-10202.5,0.0,0.0,
MHMZB081,BATAINDIA,0.0,-165.0,-165.0,0.0,0.0,
MHMZB081,NIFTY,0.0,0.0,0.0,0.0,0.0,
MHMZB081,NTPC,0.0,0.0,0.0,0.0,0.0,
MHMZJ003,BANDHANBNK,0.0,-360.0,-360.0,0.0,0.0,
MK027,BANKNIFTY,0.0,0.0,0.0,0.0,-122.49999999999636,
MM650,TCS,31311.52500000001,142836.0,174147.52500000002,-17010.0,0.0,
MM681,TCS,46967.287500000006,214254.0,261221.2875,-25515.0,0.0,
MM736,TCS,31311.52500000001,142836.0,174147.52500000002,-17010.0,0.0,
MM835,NIFTY,1208304,4409466,5617770,47265.0,-291899.99999999994,
MM835,SRF,135048.375,643305.0,778353.375,-42375.0,0.0,
MMM12002,TATAMOTORS,0.0,-71.25,-71.25,0.0,0.0,
MMM66008,BANKNIFTY,0.0,0.0,0.0,0.0,-2260.0,
MMM66008,NIFTY,0.0,0.0,0.0,0.0,0.0,
MNTZH002,BANKNIFTY,0.0,0.0,0.0,0.0,-14637.5,
MNTZH002,NIFTY,0.0,0.0,0.0,0.0,6474.999999999998,
MNTZH002,TATAMOTORS,0.0,0.0,0.0,0.0,0.0,
MNTZM002,BANKNIFTY,0.0,0.0,0.0,0.0,0.0,
MNTZM002,M&M,0.0,0.0,0.0,0.0,0.0,
MNTZM002,MARUTI,0.0,0.0,0.0,0.0,-630.0,
MNTZM002,TVSMOTOR,0.0,-343.0,-343.0,0.0,0.0,
MNTZS001,NIFTY,0.0,0.0,0.0,0.0,0.0,
MTJ01010,ADANIENT,0.0,-22.5,-22.5,0.0,-1437.5,
MTJ01010,BANKNIFTY,0.0,0.0,0.0,0.0,0.0,
MTJ01010,NIFTY,0.0,0.0,0.0,0.0,13447.5,
MU1TJPP001,BHARTIARTL,0.0,-2242.0,-2242.0,0.0,11020.0,
MU1TJPP001,BOSCHLTD,56781.725000000006,264197.0,320978.725,0.0,0.0,
MU1TJPP001,GODREJPROP,55871.72500000001,226785.0,282656.72500000003,-13910.000000000233,0.0,
MU1TJPP001,KOTAKBANK,0.0,0.0,0.0,0.0,0.0,
MU1TJPP001,LUPIN,0.0,0.0,0.0,0.0,0.0,
MU1TJPP001,RELIANCE,0.0,0.0,0.0,0.0,-56812.5,
MU1TJPP001,TCS,187869.15000000002,-6601.5,181267.65000000002,0.0,32100.0,
MU1TJPP001,ULTRACEMCO,0.0,-48788.0,-48788.0,0.0,0.0,
NK008,BANKNIFTY,0.0,0.0,0.0,0.0,0.0,
NRD001,AXISBANK,0.0,0.0,0.0,0.0,0.0,
NRD001,BANKNIFTY,0.0,0.0,0.0,0.0,0.0,
NRD009,AXISBANK,0.0,0.0,0.0,0.0,0.0,
NRD009,BANKNIFTY,0.0,0.0,0.0,0.0,0.0,
NRD010,AXISBANK,0.0,0.0,0.0,0.0,0.0,
NRD014,AXISBANK,0.0,0.0,0.0,0.0,0.0,
PJ045,BANKNIFTY,0.0,0.0,0.0,0.0,0.0,
PKR020,INDIGO,19364.625000000004,105741.00000000001,125105.62500000001,0.0,0.0,
PKR027,SIEMENS,27474.081250000003,116124.25,143598.33125,0.0,0.0,
PV805,NIFTY,0.0,0.0,0.0,0.0,0.0,
RJ02011,BANKNIFTY,21218.725,129536.75,150755.475,-4187.5,0.0,
RJ029005,BANKNIFTY,21218.725,128776.0,149994.725,4187.5,0.0,
RJ03023,BANKNIFTY,0.0,0.0,0.0,0.0,-2676.25,
RJ06022,BANKNIFTY,21218.725,39706.75,60925.475,4187.5,-88.74999999999997,
SKB015,BANKNIFTY,42437.45,19589.750000000015,62027.20000000001,150.0,0.0,
SKB041,BANKNIFTY,42437.45,19589.750000000015,62027.20000000001,150.0,0.0,
SSM101,IRCTC,0.0,0.0,0.0,0.0,0.0,
SSM101,NATIONALUM,0.0,-255.0,-255.0,0.0,0.0,
SSM101,NIFTY,118999.725,411853.0,530852.725,0.0,13332.500000000007,
SSM101,RELIANCE,0.0,-2300.0,-2300.0,0.0,0.0,
SSM101,TATAMOTORS,0.0,-3021.0,-3021.0,0.0,0.0,
SSM101,TATAPOWER,0.0,-1755.0,-1755.0,0.0,0.0,
SSM171,ADANIPORTS,45004.649999999994,0.0,45004.649999999994,0.0,0.0,
SSM171,BANDHANBNK,0.0,0.0,0.0,0.0,0.0,
SSM171,BANKNIFTY,0.0,364.3075000000008,364.3075000000008,0.0,-3128.749999999998,
SSM171,ITC,29097.6,0.0,29097.6,0.0,0.0,
SSM171,LT,0.0,0.0,0.0,0.0,0.0,
SSM171,NIFTY,0.0,0.0,0.0,0.0,0.0,
SSM171,SHREECEM,27826.903125,0.0,27826.903125,0.0,-983.75,
SSM171,TATAMOTORS,0.0,0.0,0.0,0.0,0.0,
SSM171,TITAN,0.0,0.0,0.0,0.0,0.0,
SSM171,ZEEL,0.0,0.0,0.0,0.0,0.0,
SSM234,BHARATFORG,0.0,0.0,0.0,0.0,0.0,
SSM234,CUMMINSIND,0.0,-2250.0,-2250.0,0.0,0.0,
SSM234,EICHERMOT,0.0,-425.25,-425.25,0.0,-595.0,
SSM234,IEX,0.0,0.0,0.0,0.0,0.0,
SSM234,IRCTC,0.0,0.0,0.0,0.0,0.0,
SSM234,TATACHEM,0.0,-250.0,-250.0,0.0,0.0,
SSM234,TATAMOTORS,0.0,-1510.5,-1510.5,0.0,0.0,
SSM234,TATAPOWER,0.0,-877.5,-877.5,0.0,0.0,
SSS014,ADANIENT,0.0,0.0,0.0,0.0,-2062.5,
SSS014,BANKNIFTY,0.0,0.0,0.0,0.0,-1463.75,
SSS014,BEL,0.0,-1254.0,-1254.0,0.0,0.0,
SSY333,CUMMINSIND,0.0,-2250.0,-2250.0,0.0,0.0,
SSY333,EICHERMOT,0.0,-425.25,-425.25,0.0,-595.0,
SSY333,TATAMOTORS,0.0,-1510.5,-1510.5,0.0,0.0,
TG0084,BANKNIFTY,0.0,0.0,0.0,0.0,0.0,
TG0321,NIFTY,82384.425,1750.5,84134.925,0.0,870.0,
TG0331,NIFTY,0.0,0.0,0.0,0.0,0.0,
TM0001,BANKNIFTY,0.0,0.0,0.0,0.0,0.0,
V01037,BANKNIFTY,0.0,0.0,0.0,0.0,0.0,
V01037,FINNIFTY,0.0,0.0,0.0,0.0,0.0,
V01037,NIFTY,0.0,0.0,0.0,0.0,-29670.0,
V03036,BANKNIFTY,0.0,0.0,0.0,0.0,0.0,
V03036,NIFTY,0.0,0.0,0.0,0.0,0.0,
V11020,BAJFINANCE,0.0,0.0,0.0,0.0,0.0,
V11020,BANKNIFTY,0.0,0.0,0.0,0.0,-3733.75,
V11020,GODREJPROP,0.0,0.0,0.0,0.0,0.0,
V11020,MINDTREE,0.0,0.0,0.0,0.0,-9420.0,
V11020,NIFTY,0.0,0.0,0.0,0.0,0.0,
V11020,ULTRACEMCO,0.0,0.0,0.0,0.0,0.0,
V11020,WHIRLPOOL,0.0,0.0,0.0,0.0,0.0,
V15040,FINNIFTY,0.0,0.0,0.0,0.0,0.0,
V18003,BANKNIFTY,212187.25,916090.0,1128277,0.0,1262.5,
V18034,BANKNIFTY,0.0,0.0,0.0,0.0,-1463.75,
V18034,GODREJPROP,0.0,0.0,0.0,0.0,0.0,
V20015,INDUSINDBK,0.0,0.0,0.0,0.0,0.0,
V20015,NIFTY,0.0,0.0,0.0,0.0,-5475.0,
V24018,BANKNIFTY,0.0,0.0,0.0,0.0,0.0,
V24018,DRREDDY,0.0,0.0,0.0,0.0,0.0,
V24018,FINNIFTY,0.0,0.0,0.0,0.0,0.0,
V24018,POLYCAB,0.0,0.0,0.0,0.0,0.0,
V25004,VEDL,0.0,0.0,0.0,0.0,0.0,
V25009,BANKNIFTY,0.0,0.0,0.0,0.0,-61.24999999999818,
V25009,SBIN,0.0,-75.0,-75.0,0.0,0.0,
V25079,RELIANCE,0.0,0.0,0.0,0.0,-6600.0,
V27002,NIFTY,0.0,0.0,0.0,0.0,-1439.9999999999998,
VJ375,KOTAKBANK,0.0,0.0,0.0,0.0,-2300.0,
VJ375,PVR,0.0,0.0,0.0,0.0,0.0,
VJ398,BANKNIFTY,0.0,0.0,0.0,0.0,-3051.25,
VJ417,LAURUSLABS,16074.450000000003,80181.0,96255.45,3420.0,0.0,
VRM004,ADANIPORTS,0.0,0.0,0.0,0.0,0.0,
VRM004,BPCL,0.0,0.0,0.0,0.0,0.0,
VRM004,CUB,0.0,-4100.0,-4100.0,0.0,0.0,
VRM004,IEX,0.0,0.0,0.0,0.0,0.0,
VRM004,INDUSINDBK,0.0,0.0,0.0,0.0,-1057.5,
VRM004,JUBLFOOD,0.0,0.0,0.0,0.0,0.0,
VRM004,POWERGRID,0.0,0.0,0.0,0.0,0.0,
VRM004,VEDL,0.0,0.0,0.0,0.0,-2092.5,
VRM141,LTTS,72385.95000000001,358398.0,430783.95,0.0,0.0,
VRM148,DLF,128187.67500000002,837242.9999999999,965430.6749999999,-71775.0,0.0,
VRM148,IDEA,32891.25,196000.0,228891.25,7000.0,0.0,
VRM148,MOTHERSON,446418.00000000006,1731240,2177658,0.0,0.0,
VRM148,WIPRO,345056.25000000006,1488250,1833306,-142500.0,0.0,
VRM155,MINDTREE,0.0,0.0,0.0,0.0,0.0,
VRM155,MPHASIS,0.0,-82.25,-82.25,0.0,0.0,
VRM155,NIFTY,0.0,0.0,0.0,0.0,0.0,
VRM164,BANKNIFTY,0.0,0.0,0.0,0.0,0.0,
VRM164,MINDTREE,0.0,0.0,0.0,0.0,0.0,
VRM164,MPHASIS,0.0,-82.25,-82.25,0.0,0.0,
ZH035,BANDHANBNK,78855.525,273780.0,352635.525,-32670.0,0.0,
ZH036,BANDHANBNK,78855.525,273780.0,352635.525,-32670.0,0.0,
ZH043,BANDHANBNK,78855.525,273780.0,352635.525,-32670.0,0.0,
ZH079,BANDHANBNK,78855.525,273780.0,352635.525,-32670.0,0.0,
