ClientCode,Symbol,EXPO_Margin,SPAN_Margin,Total_Margin,FUT_MTM,OPT_MTM,FNO_MTM,PRM_MRG,
12454,ADANIENT,34134,213987,248122,0,0,0,0,
12454,ADANIPORTS,38482,211800,250282,0,0,0,0,
12454,VEDL,0,0,0,0,0,0,0,
19013,BANKNIFTY,0,0,0,0,0,0,0,
19083,BANKNIFTY,64475,387837,452312,0,0,0,0,
19186,ADANIENT,68269,427975,496244,0,0,0,0,
19186,ADANIPORTS,38482,211800,250282,0,0,0,0,
19289,BANKNIFTY,0,-967,-4821,0,0,0,-3853,
19478,AUROPHARMA,16241,89560,105801,0,0,0,0,
19478,BANKNIFTY,107459,646395,753854,0,0,0,0,
19478,ICICIBANK,44770,188375,233145,0,0,0,0,
19478,NIFTY,18512,87030,105543,0,0,0,0,
19485,ADANIPORTS,38482,211800,250282,0,0,0,0,
19485,IDEA,39445,380800,420245,0,0,0,0,
19545,ADANIENT,34134,213987,248122,0,0,0,0,
19615,MOTHERSON,17340,108067,125408,0,0,0,0,
19625,ADANIENT,34134,213987,248122,0,0,0,0,
19625,ADANIPORTS,38482,211800,250282,0,0,0,0,
19630,AXISBANK,671139,3326616,3997755,0,0,0,0,
19630,SBIN,318885,1409850,1728735,0,0,0,0,
19644,ADANIENT,34134,213987,248122,0,0,0,0,
19713,IDEA,19722,156100,175822,0,0,0,0,
19719,ADANIENT,34134,213987,248122,0,0,0,0,
19719,ADANIPORTS,38482,211800,250282,0,0,0,0,
19719,AMBUJACEM,35572,325152,360724,0,0,0,0,
19719,ESCORTS,0,0,0,0,0,0,0,
19719,HCLTECH,0,0,0,0,0,0,0,
19719,IBULHSGFIN,0,0,0,0,0,0,0,
19719,NIFTY,37025,174916,211941,0,0,0,0,
19725,BANKNIFTY,21491,129279,150770,0,0,0,0,
19725,IEX,19733,114450,134183,0,0,0,0,
19725,NIFTY,18512,87707,106220,0,0,0,0,
19738,IDEA,19722,233100,252822,0,0,0,0,
19738,IEX,0,0,0,0,0,0,0,
19738,NATIONALUM,11215,76585,87800,0,0,0,0,
6405,ABB,216359,740940,957299,0,0,0,0,
6405,ABCAPITAL,358003,644274,1034677,0,0,0,32400,
6405,ABFRL,0,-910,-13910,0,0,0,-13000,
6405,ACC,921414,4081072,4979424,0,0,0,-23062,
6405,ADANIENT,3140385,17231265,20485500,0,0,0,113850,
6405,ADANIPORTS,2770740,13785262,16584096,0,0,0,28093,
6405,ALKEM,193306,792036,985342,0,0,0,0,
6405,AMARAJABAT,90510,-45400,45110,0,0,0,0,
6405,AMBUJACEM,6936725,59092739,66084635,0,0,0,55170,
6405,APOLLOHOSP,0,725,1450,0,0,0,725,
6405,APOLLOTYRE,933842,925504,2483047,0,0,0,623700,
6405,ASHOKLEY,260312,1043000,1284812,0,0,0,-18500,
6405,ASIANPAINT,21757,660,-51182,0,0,0,-73600,
6405,ASTRAL,0,0,0,0,0,0,0,
6405,ATUL,0,1717,27967,0,0,0,26250,
6405,AXISBANK,22334014,108393096,130651270,0,0,0,-75840,
6405,BAJAJFINSV,285897,1565000,1850897,0,0,0,0,
6405,BAJFINANCE,118081,561691,677578,0,0,0,-2193,
6405,BALKRISIND,0,-8940,-95130,0,0,0,-86190,
6405,BALRAMCHIN,315546,2223680,2543866,0,0,0,4640,
6405,BANDHANBNK,593677,1602594,2189071,0,0,0,-7200,
6405,BANKBARODA,0,1755,24277,0,0,0,22522,
6405,BANKNIFTY,61144668,134920994,197077341,0,0,0,1011677,
6405,BATAINDIA,263386,712085,975471,0,0,0,0,
6405,BEL,406152,530613,900855,0,0,0,-35910,
6405,BERGEPAINT,71228,291720,362948,0,0,0,0,
6405,BHARATFORG,29646,102060,131706,0,0,0,0,
6405,BHARTIARTL,0,0,0,0,0,0,0,
6405,BHEL,2800846,3401475,5107171,0,0,0,-1095150,
6405,BIOCON,1249219,2227366,3695890,0,0,0,219305,
6405,BPCL,102201,372186,471147,0,0,0,-3240,
6405,BRITANNIA,29285,120952,150237,0,0,0,0,
6405,BSOFT,26744,-2249,75520,0,0,0,51025,
6405,CANBK,30887,199611,231983,0,0,0,1485,
6405,CANFINHOME,18587,113811,132399,0,0,0,0,
6405,CHAMBLFERT,286382,570015,754247,0,0,0,-102150,
6405,CHOLAFIN,63065,394300,457365,0,0,0,0,
6405,COALINDIA,374173,1167390,1889743,0,0,0,348180,
6405,COFORGE,662726,4299133,4965107,0,0,0,3247,
6405,CONCOR,534065,-460080,-1304465,0,0,0,-1378450,
6405,COROMANDEL,22548,-72485,-323321,0,0,0,-273385,
6405,CUMMINSIND,28964,12522,47156,0,0,0,5670,
6405,DABUR,0,375,15375,0,0,0,15000,
6405,DALBHARAT,487802,1253100,1981927,0,0,0,241025,
6405,DEEPAKNTR,0,-54150,-54150,0,0,0,0,
6405,DELTACORP,266555,1135510,1095360,0,0,0,-306705,
6405,DLF,137421,-39649,-72095,0,0,0,-169867,
6405,EICHERMOT,188202,151861,251155,0,0,0,-88908,
6405,ESCORTS,748862,2129347,2519169,0,0,0,-359040,
6405,EXIDEIND,350689,331452,712381,0,0,0,30240,
6405,FINNIFTY,7117939,11811126,19306926,0,0,0,377860,
6405,GAIL,0,0,0,0,0,0,0,
6405,GLENMARK,1098277,5709888,6808165,0,0,0,0,
6405,GMRINFRA,1089742,1581300,3194167,0,0,0,523125,
6405,GNFC,110510,6123,139448,0,0,0,22815,
6405,GODREJPROP,219671,-123929,50778,0,0,0,-44963,
6405,GUJGASLTD,86117,368612,457230,0,0,0,2500,
6405,HAL,90824,-186038,-494356,0,0,0,-399142,
6405,HAVELLS,21813,-700,16963,0,0,0,-4150,
6405,HCLTECH,110563,445620,555903,0,0,0,-280,
6405,HDFC,703854,2509878,3340317,0,0,0,126585,
6405,HDFCAMC,90843,411969,492672,0,0,0,-10140,
6405,HDFCBANK,249118,201091,475591,0,0,0,25382,
6405,HDFCLIFE,406513,1221968,1632496,0,0,0,4015,
6405,HEROMOTOCO,0,-8700,-17400,0,0,0,-8700,
6405,HINDALCO,497383,1247258,1744641,0,0,0,0,
6405,HINDCOPPER,34494,-10363,-122283,0,0,0,-146415,
6405,HINDUNILVR,12415742,28092981,40507898,0,0,0,-825,
6405,IBULHSGFIN,7301227,9531080,19632307,0,0,0,2800000,
6405,ICICIBANK,10476340,44079750,54556090,0,0,0,0,
6405,ICICIPRULI,545910,3547140,4011975,0,0,0,-81075,
6405,IDEA,78890,-165200,-86309,0,0,0,0,
6405,IDFC,0,0,0,0,0,0,0,
6405,IDFCFIRSTB,30476,190350,220826,0,0,0,0,
6405,IEX,1440540,2677162,5093265,0,0,0,975562,
6405,INDHOTEL,45327,-4424,45126,0,0,0,4223,
6405,INDIACEM,293477,752028,1212980,0,0,0,167475,
6405,INDUSINDBK,74787,-12559,293370,0,0,0,231142,
6405,INFY,1236551,4480707,5650598,0,0,0,-66660,
6405,INTELLECT,361142,2737350,3109217,0,0,0,10725,
6405,IOC,75092,-58792,-121175,0,0,0,-137475,
6405,IPCALAB,19770,86190,105960,0,0,0,0,
6405,IRCTC,884082,-176758,584123,0,0,0,-123200,
6405,ITC,114340,334096,459236,0,0,0,10800,
6405,JKCEMENT,0,-100,-200,0,0,0,-100,
6405,JUBLFOOD,24335,14150,38485,0,0,0,0,
6405,KOTAKBANK,485956,2023343,2509300,0,0,0,0,
6405,L&TFH,1221405,2197981,4041835,0,0,0,622448,
6405,LAURUSLABS,0,0,0,0,0,0,0,
6405,LICHSGFIN,0,7700,37900,0,0,0,30200,
6405,LT,151612,45,163867,0,0,0,12210,
6405,LTI,544447,3116740,3655113,0,0,0,-6075,
6405,LTTS,81602,323946,405548,0,0,0,0,
6405,M&M,0,1575,27300,0,0,0,25725,
6405,M&MFIN,0,2000,-61600,0,0,0,-63600,
6405,MARUTI,11080455,13193900,24703455,0,0,0,429100,
6405,MCDOWELL-N,116727,47962,146470,0,0,0,-18218,
6405,MCX,0,0,0,0,0,0,0,
6405,MFSL,0,135915,376642,0,0,0,240727,
6405,MPHASIS,0,0,0,0,0,0,0,
6405,MRF,346132,279630,629452,0,0,0,3690,
6405,NAUKRI,69205,427620,463850,0,0,0,-32975,
6405,NESTLEIND,54682,225931,280613,0,0,0,0,
6405,NIFTY,53168618,29264837,83850155,0,0,0,1416700,
6405,NMDC,97094,455198,582275,0,0,0,29982,
6405,NTPC,338651,447791,786443,0,0,0,0,
6405,ONGC,56817,325710,382527,0,0,0,0,
6405,PAGEIND,297570,387309,684169,0,0,0,-710,
6405,PEL,31564,-32279,2928,0,0,0,3643,
6405,PETRONET,0,0,0,0,0,0,0,
6405,PFC,88861,-127410,-279108,0,0,0,-240560,
6405,PNB,19030144,20228480,40325024,0,0,0,1066400,
6405,POLYCAB,26776,-185286,-537769,0,0,0,-379260,
6405,POWERGRID,0,-1350,-2700,0,0,0,-1350,
6405,PVR,26581,-20716,-36463,0,0,0,-42328,
6405,RAMCOCEM,39076,200974,91045,0,0,0,-149005,
6405,RBLBANK,577692,60700,377142,0,0,0,-261250,
6405,RECLTD,427476,126880,651556,0,0,0,97200,
6405,RELIANCE,22904,152412,190804,0,0,0,15487,
6405,SAIL,350070,2307600,2657670,0,0,0,0,
6405,SBIN,14987595,65701110,80688705,0,0,0,0,
6405,SIEMENS,213948,686521,900469,0,0,0,0,
6405,SRF,269171,315828,681731,0,0,0,96731,
6405,SRTRANSFIN,349480,1931256,2300476,0,0,0,19740,
6405,SUNTV,842081,3487125,4329206,0,0,0,0,
6405,TATACHEM,234802,647695,837172,0,0,0,-45325,
6405,TATACOMM,0,-4750,35900,0,0,0,40650,
6405,TATACONSUM,223724,978930,1205939,0,0,0,3285,
6405,TATAMOTORS,799416,587142,1426031,0,0,0,39472,
6405,TATAPOWER,476492,295785,486077,0,0,0,-286200,
6405,TATASTEEL,142175,310590,450640,0,0,0,-2125,
6405,TCS,1824055,7310571,9134627,0,0,0,0,
6405,TECHM,90732,421080,486252,0,0,0,-25560,
6405,TITAN,11173197,34997985,46171182,0,0,0,0,
6405,TORNTPOWER,286912,573465,709402,0,0,0,-150975,
6405,TRENT,109041,-53947,102617,0,0,0,47523,
6405,TVSMOTOR,152505,323932,476437,0,0,0,0,
6405,ULTRACEMCO,72177,300039,372216,0,0,0,0,
6405,UPL,141441,-1560,139881,0,0,0,0,
6405,VEDL,51518,16414,67933,0,0,0,0,
6405,VOLTAS,101601,348365,449966,0,0,0,0,
6405,WIPRO,422940,1459760,1888800,0,0,0,6100,
6405,ZEEL,54474,-29580,24894,0,0,0,0,
A0017,ACC,43876,198785,242661,0,0,0,0,
A0017,ASHOKLEY,52062,300200,352262,0,0,0,0,
A0017,BATAINDIA,65846,284372,350218,0,0,0,0,
A0017,BERGEPAINT,94971,388960,483931,0,0,0,0,
A0017,BHARATFORG,59293,322160,381453,0,0,0,0,
A0017,BIOCON,45426,229402,274828,0,0,0,0,
A0017,CHOLAFIN,220729,1380050,1600779,0,0,0,0,
A0017,CONCOR,53406,286920,340326,0,0,0,0,
A0017,CUMMINSIND,28964,129282,158246,0,0,0,0,
A0017,GNFC,138138,1062165,1200303,0,0,0,0,
A0017,HDFCLIFE,90336,393360,483696,0,0,0,0,
A0017,INDHOTEL,90655,535569,626225,0,0,0,0,
A0017,IRCTC,44204,279877,324081,0,0,0,0,
A0017,PETRONET,109725,453150,562875,0,0,0,0,
A0017,SIEMENS,26743,112813,139556,0,0,0,0,
A0017,SYNGENE,42612,196900,239512,0,0,0,0,
A0017,TATACHEM,126432,735070,861502,0,0,0,0,
A0017,TATACONSUM,99432,433620,533052,0,0,0,0,
A0017,TITAN,102193,458831,561025,0,0,0,0,
A0017,VOLTAS,101601,491295,592896,0,0,0,0,
A0018,TORNTPOWER,57382,273270,330652,0,0,0,0,
A0019,ADANIENT,34134,91952,126087,0,0,0,0,
A0019,ADANIPORTS,38482,52731,91213,0,0,0,0,
A0019,BHARATFORG,29646,102060,131706,0,0,0,0,
A0019,BPCL,40880,76788,118388,0,0,0,720,
A0019,GUJGASLTD,43058,64537,107596,0,0,0,0,
A0019,IBULHSGFIN,48352,94400,142752,0,0,0,0,
A0019,NIFTY,0,-360,-360,0,0,0,0,
A0019,TATAMOTORS,43211,140433,183645,0,0,0,0,
A0019,ZEEL,27237,112710,139947,0,0,0,0,
A0020,ADANIENT,68269,427975,496244,0,0,0,0,
A0020,ADANIPORTS,1539300,8472000,10011300,0,0,0,0,
A0020,AUROPHARMA,48725,268680,317405,0,0,0,0,
A0020,BANKBARODA,206203,857844,1064047,0,0,0,0,
A0020,BANKNIFTY,10488083,4717609,14805019,0,0,0,-400673,
A0020,BHARATFORG,59293,322160,381453,0,0,0,0,
A0020,BHEL,1174548,2790060,3964608,0,0,0,0,
A0020,BPCL,61321,284634,345955,0,0,0,0,
A0020,BSOFT,26744,176228,202972,0,0,0,0,
A0020,COALINDIA,0,0,0,0,0,0,0,
A0020,CUMMINSIND,57928,259776,317704,0,0,0,0,
A0020,FINNIFTY,2306028,237510,2464242,0,0,0,-79296,
A0020,GAIL,179179,857538,1036717,0,0,0,0,
A0020,GMRINFRA,64102,385200,449302,0,0,0,0,
A0020,GUJGASLTD,215293,1252875,1468168,0,0,0,0,
A0020,HDFC,197079,857808,1054887,0,0,0,0,
A0020,HDFCAMC,158976,731157,890133,0,0,0,0,
A0020,HDFCBANK,186838,755997,942835,0,0,0,0,
A0020,HDFCLIFE,293593,1278420,1572013,0,0,0,0,
A0020,HINDALCO,49738,315372,365111,0,0,0,0,
A0020,HINDCOPPER,189720,1433663,1623383,0,0,0,0,
A0020,IDEA,315560,3046400,3361960,0,0,0,0,
A0020,IDFCFIRSTB,91428,571050,662478,0,0,0,0,
A0020,INDIAMART,68978,458473,527452,0,0,0,0,
A0020,INDUSINDBK,0,0,0,0,0,0,0,
A0020,IOC,0,0,0,0,0,0,0,
A0020,ITC,0,-2400,-2400,0,0,0,0,
A0020,JINDALSTEL,341775,2373187,2714962,0,0,0,0,
A0020,KOTAKBANK,134988,562040,697028,0,0,0,0,
A0020,LTTS,27200,161718,188918,0,0,0,0,
A0020,MANAPPURAM,47544,299760,347304,0,0,0,0,
A0020,MARUTI,147318,315634,462952,0,0,0,0,
A0020,MCDOWELL-N,0,0,0,0,0,0,0,
A0020,MCX,21851,125348,147199,0,0,0,0,
A0020,NATIONALUM,134589,919020,1053609,0,0,0,0,
A0020,NIFTY,5091006,10360080,15591439,0,0,0,140352,
A0020,PNB,0,0,0,0,0,0,0,
A0020,RAIN,87489,641340,728829,0,0,0,0,
A0020,RECLTD,0,0,0,0,0,0,0,
A0020,RELIANCE,366464,1612680,1979144,0,0,0,0,
A0020,SAIL,262552,1730700,1993252,0,0,0,0,
A0020,SBIN,127554,284940,412494,0,0,0,0,
A0020,SRTRANSFIN,80649,484938,565587,0,0,0,0,
A0020,TATAMOTORS,1231533,7812078,9043611,0,0,0,0,
A0020,TATAPOWER,1879498,10945935,12825433,0,0,0,0,
A0020,TATASTEEL,31594,189210,220804,0,0,0,0,
A0020,TCS,1334674,5462212,6796887,0,0,0,0,
A0020,TITAN,204387,917662,1122050,0,0,0,0,
A0020,ULTRACEMCO,481180,2000260,2481440,0,0,0,0,
A0020,VOLTAS,29029,140370,169399,0,0,0,0,
A0034,L&TFH,81427,525802,607229,0,0,0,0,
A0034,NIFTY,0,3487,3487,0,0,0,0,
A0042,ABCAPITAL,25571,149040,174611,0,0,0,0,
A0042,ADANIPORTS,1962607,9035462,11018570,0,0,0,20500,
A0042,AMBUJACEM,35572,257237,292810,0,0,0,0,
A0042,APOLLOTYRE,179585,658175,895160,0,0,0,57400,
A0042,ASHOKLEY,78093,450300,528393,0,0,0,0,
A0042,ASIANPAINT,261084,877718,1138802,0,0,0,0,
A0042,AXISBANK,149142,287160,459282,0,0,0,22980,
A0042,BAJAJ-AUTO,63704,252350,316054,0,0,0,0,
A0042,BANKBARODA,171836,861061,1032897,0,0,0,0,
A0042,BANKNIFTY,6791464,15038541,21830005,0,0,0,0,
A0042,BEL,64129,269154,333283,0,0,0,0,
A0042,BHARATFORG,385407,1697870,2064527,0,0,0,-18750,
A0042,BHEL,361399,421995,847969,0,0,0,64575,
A0042,BPCL,20440,94878,115318,0,0,0,0,
A0042,CUMMINSIND,86892,246870,315762,0,0,0,-18000,
A0042,DRREDDY,57987,80663,138651,0,0,0,0,
A0042,EICHERMOT,209113,792760,1001874,0,0,0,0,
A0042,FEDERALBNK,92785,323350,416135,0,0,0,0,
A0042,GNFC,27627,212433,240060,0,0,0,0,
A0042,GUJGASLTD,86117,244825,330942,0,0,0,0,
A0042,HAL,623817,2652766,3276584,0,0,0,0,
A0042,HDFCBANK,560515,1793077,2353592,0,0,0,0,
A0042,HINDALCO,147672,640209,819382,0,0,0,31500,
A0042,ICICIBANK,89541,280926,370467,0,0,0,0,
A0042,IEX,276268,1342875,1619143,0,0,0,0,
A0042,INDHOTEL,453279,1118196,1571475,0,0,0,0,
A0042,INDUSINDBK,243058,822091,1065150,0,0,0,0,
A0042,INFY,389284,1154708,1565432,0,0,0,21440,
A0042,IRCTC,44204,213412,257616,0,0,0,0,
A0042,ITC,876612,2218752,3095364,0,0,0,0,
A0042,KOTAKBANK,53995,181824,235819,0,0,0,0,
A0042,M&M,556012,1788801,2344813,0,0,0,0,
A0042,MARUTI,852342,2760493,3612835,0,0,0,0,
A0042,NTPC,67730,143070,210800,0,0,0,0,
A0042,ONGC,37878,108955,146833,0,0,0,0,
A0042,PNB,120064,195840,315904,0,0,0,0,
A0042,RELIANCE,366464,1204400,1660814,0,0,0,89950,
A0042,SBIN,159442,378795,538237,0,0,0,0,
A0042,SUNPHARMA,354610,1116563,1471173,0,0,0,0,
A0042,TATACOMM,45365,172350,204915,0,0,0,-12800,
A0042,TATAMOTORS,2938395,14595021,17580299,0,0,0,46882,
A0042,TATAPOWER,2250104,10606308,12856412,0,0,0,0,
A0042,TATASTEEL,63189,133280,196469,0,0,0,0,
A0042,TCS,266934,860203,1174395,0,0,0,47257,
A0042,TITAN,306581,885307,1191889,0,0,0,0,
A0042,TORNTPOWER,114765,336780,451545,0,0,0,0,
A0042,TVSMOTOR,228757,1032283,1261040,0,0,0,0,
A0042,UPL,176801,562432,749048,0,0,0,9815,
A0042,VEDL,171728,720254,891982,0,0,0,0,
A0042,WIPRO,14098,60680,74778,0,0,0,0,
A0042,ZEEL,108948,665460,774408,0,0,0,0,
A0044,NIFTY,18512,-42533,-24020,0,0,0,0,
A0045,TATAPOWER,26471,160447,186919,0,0,0,0,
A0052,TATASTEEL,15797,94605,110402,0,0,0,0,
A0103,BANDHANBNK,82838,565344,648182,0,0,0,0,
A0103,GNFC,55255,424866,480121,0,0,0,0,
A0103,IDEA,39445,380800,420245,0,0,0,0,
A0103,IEX,39466,230025,269491,0,0,0,0,
A0103,MANAPPURAM,95088,599520,694608,0,0,0,0,
A0103,NATIONALUM,67294,459510,526804,0,0,0,0,
A0103,SAIL,35007,230760,265767,0,0,0,0,
A0104,HINDCOPPER,73000,552986,625986,0,0,0,0,
A0104,IDEA,39445,380800,420245,0,0,0,0,
A0104,ITC,76227,312960,389187,0,0,0,0,
A0104,M&M,61779,281316,343095,0,0,0,0,
A0104,MRF,94399,438447,532847,0,0,0,0,
A0104,NIFTY,1749454,1405309,3154764,0,0,0,0,
A0104,RECLTD,91602,404560,496162,0,0,0,0,
A0104,TATACHEM,36123,210020,246143,0,0,0,0,
A0104,TATACOMM,45365,248320,293685,0,0,0,0,
A0104,TATAPOWER,52943,322447,375391,0,0,0,0,
A0108,PNB,0,0,0,0,0,0,0,
A0111,AXISBANK,0,2040,2040,0,0,0,0,
A0111,ESCORTS,0,0,0,0,0,0,0,
A0111,IDFC,0,0,0,0,0,0,0,
A0119,ADANIPORTS,76965,96400,173365,0,0,0,0,
A0119,GUJGASLTD,21529,64974,86504,0,0,0,0,
A0119,IBULHSGFIN,48352,125480,173832,0,0,0,0,
A0119,NIFTY,314716,620641,936608,0,0,0,1250,
A0119,TATAMOTORS,345693,598956,944649,0,0,0,0,
A0119,ZEEL,54474,225420,279894,0,0,0,0,
A0120,GODREJPROP,29289,59406,88696,0,0,0,0,
A0120,TATAMOTORS,86423,149739,236162,0,0,0,0,
A0132,TCS,17795,47934,65729,0,0,0,0,
A0209,ADANIENT,170673,1069937,1240610,0,0,0,0,
A0209,BHEL,90349,214620,304969,0,0,0,0,
A0209,GMRINFRA,64102,385200,449302,0,0,0,0,
A0209,NIFTY,888612,713808,1602420,0,0,0,0,
A0209,PNB,0,0,0,0,0,0,0,
A0209,RAIN,43744,320670,364414,0,0,0,0,
A0316,BAJFINANCE,59040,104192,163233,0,0,0,0,
A0316,BALKRISIND,0,0,0,0,0,0,0,
A0316,LTI,51852,149838,201690,0,0,0,0,
A0340,SAIL,17503,115380,132883,0,0,0,0,
A0355,ADANIENT,34134,213987,248122,0,0,0,0,
A0355,ADANIPORTS,57723,317700,375423,0,0,0,0,
A0374,ABCAPITAL,51143,299484,350627,0,0,0,0,
A0374,ACC,43876,198785,242661,0,0,0,0,
A0374,BHEL,90349,215670,306019,0,0,0,0,
A0374,DELTACORP,26655,132020,158675,0,0,0,0,
A0374,NIFTY,916381,736114,1652495,0,0,0,0,
A0374,RECLTD,61068,270560,331628,0,0,0,0,
A0374,SAIL,35007,230760,265767,0,0,0,0,
A0374,TATACOMM,45365,248320,293685,0,0,0,0,
A0374,TATACONSUM,49716,216810,266526,0,0,0,0,
A0374,UPL,106080,528996,635076,0,0,0,0,
A0654,ADANIENT,68269,245210,313479,0,0,0,0,
A0718,TATAPOWER,52943,320895,373838,0,0,0,0,
A0977,TCS,62284,256152,318437,0,0,0,0,
A1381,NIFTY,0,0,0,0,0,0,0,
A1528,BANKNIFTY,2579037,7578503,11854959,0,0,0,1697418,
A1616,ACC,219384,993925,1213309,0,0,0,0,
A1616,AMBUJACEM,284583,1946951,2231535,0,0,0,0,
A1616,BALKRISIND,42553,208103,250657,0,0,0,0,
A1616,BANDHANBNK,55225,248796,304021,0,0,0,0,
A1616,DIVISLAB,350978,1637640,1988618,0,0,0,0,
A1616,INDIGO,120137,566595,686732,0,0,0,0,
A1616,MFSL,1438852,7366404,8835156,0,0,0,29900,
A1616,MOTHERSON,277452,1513620,1791072,0,0,0,0,
A1616,NIFTY,388767,887988,1276784,0,0,0,27,
A1616,PEL,0,0,0,0,0,0,0,
A1616,PVR,239230,900638,1139868,0,0,0,0,
A1616,SUNPHARMA,50658,207816,258474,0,0,0,0,
A1616,TITAN,68129,153656,221785,0,0,0,0,
A1616,TRENT,254430,968940,1223370,0,0,0,0,
A1616,UPL,141441,530543,693759,0,0,0,21775,
A1676,BANKNIFTY,0,9348,17213,0,0,0,7865,
A1676,FINNIFTY,92241,237522,354485,0,0,0,24722,
A1676,NIFTY,0,-8767,7860,0,0,0,16627,
A1716,BANKNIFTY,0,0,0,0,0,0,0,
A1877,BANKNIFTY,816695,1731835,2548520,0,0,0,-10,
A1910,BANKNIFTY,0,-62,-124,0,0,0,-62,
A1911,BANKNIFTY,0,-62,-124,0,0,0,-62,
A1946,BANKNIFTY,0,42154,77737,0,0,0,35582,
A1946,FINNIFTY,399711,1027944,1535401,0,0,0,107746,
A1946,NIFTY,0,-39247,23825,0,0,0,63072,
A1959,ACC,987229,4227292,5138672,0,0,0,-75850,
A1959,ADANIPORTS,384825,2109562,2494387,0,0,0,0,
A1959,AMBUJACEM,3628440,33577164,37205604,0,0,0,0,
A1959,BAJFINANCE,295203,164651,459854,0,0,0,0,
A1959,BANKNIFTY,171935,270462,442398,0,0,0,0,
A1959,CONCOR,400548,2151900,2552448,0,0,0,0,
A1959,DELTACORP,293211,1452220,1745431,0,0,0,0,
A1959,GNFC,55255,424866,480121,0,0,0,0,
A1959,IEX,59200,343350,402550,0,0,0,0,
A1959,JUBLFOOD,194687,193200,387887,0,0,0,0,
A1959,MARUTI,441955,275393,624573,0,0,0,-92775,
A1959,TATACHEM,144494,419740,564234,0,0,0,0,
A1977,BANKNIFTY,193427,247826,438421,0,0,0,-2832,
A1977,NIFTY,166614,222727,386979,0,0,0,-2362,
A2142,ADANIENT,68269,426560,494829,0,0,0,0,
A2142,BALRAMCHIN,42072,297088,339160,0,0,0,0,
A2142,GODREJPROP,43934,280341,324275,0,0,0,0,
A2142,GUJGASLTD,0,0,0,0,0,0,0,
A2142,IEX,118400,686700,805100,0,0,0,0,
A2142,INFY,171743,712440,884183,0,0,0,0,
A2142,METROPOLIS,30371,193367,223739,0,0,0,0,
A2142,NIFTY,18512,87030,105543,0,0,0,0,
A2142,SAIL,17503,115380,132883,0,0,0,0,
A2142,TATASTEEL,15797,94605,110402,0,0,0,0,
A2142,TVSMOTOR,50835,253679,304515,0,0,0,0,
A2142,VEDL,17172,120171,137344,0,0,0,0,
A2142,WIPRO,70490,303400,373890,0,0,0,0,
A2158,ABCAPITAL,25571,149040,174611,0,0,0,0,
A2158,BEL,64129,334134,398263,0,0,0,0,
A2158,GLENMARK,308890,789498,1098388,0,0,0,0,
A2158,HDFCLIFE,587186,1299155,1886341,0,0,0,0,
A2158,RBLBANK,52517,466100,518617,0,0,0,0,
A2158,TATAPOWER,105887,641790,747677,0,0,0,0,
A2158,WIPRO,0,0,0,0,0,0,0,
A2166,ADANIENT,1775000,11127350,12902350,0,0,0,0,
A2166,AMBUJACEM,747031,6828191,7575223,0,0,0,0,
A2166,AXISBANK,1342278,6681312,8023590,0,0,0,0,
A2166,BANKNIFTY,859679,5202530,6062209,0,0,0,0,
A2166,BHARATFORG,59293,322160,381453,0,0,0,0,
A2166,CANBK,154436,993870,1148306,0,0,0,0,
A2166,IDFC,898240,6220800,7119040,0,0,0,0,
A2166,IDFCFIRSTB,0,0,0,0,0,0,0,
A2166,NIFTY,5350184,25347467,30697652,0,0,0,0,
A2166,PFC,799753,3458484,4258237,0,0,0,0,
A2166,PIIND,444156,2241675,2685831,0,0,0,0,
A2166,RECLTD,732816,3231359,3964175,0,0,0,0,
A2221,ADANIPORTS,0,-1000,-16875,0,0,0,-15875,
A2221,APOLLOTYRE,71834,336770,425754,0,0,0,17150,
A2221,BANKBARODA,0,585,-8190,0,0,0,-8775,
A2221,BEL,42752,179436,222188,0,0,0,0,
A2221,BHARATFORG,29646,144740,168536,0,0,0,-5850,
A2221,CUMMINSIND,115857,359088,474945,0,0,0,0,
A2221,HAL,86043,379170,465213,0,0,0,0,
A2221,HDFCBANK,186838,578325,765163,0,0,0,0,
A2221,INDUSINDBK,93484,365512,484871,0,0,0,25875,
A2221,ITC,38113,137760,175873,0,0,0,0,
A2221,MARUTI,157841,612105,769946,0,0,0,0,
A2221,RELIANCE,91616,293530,422371,0,0,0,37225,
A2221,SUNPHARMA,202634,624176,826810,0,0,0,0,
A2221,TATAMOTORS,43211,168349,211561,0,0,0,0,
A2221,TATAPOWER,105887,501525,607412,0,0,0,0,
A2221,TITAN,68129,305887,374016,0,0,0,0,
A2221,TVSMOTOR,25417,156233,181650,0,0,0,0,
A2221,VEDL,34345,158472,192817,0,0,0,0,
A2268,ADANIPORTS,153930,423787,577717,0,0,0,0,
A2268,BANKNIFTY,0,29551,59102,0,0,0,29551,
A2268,BHARATFORG,29646,102060,131706,0,0,0,0,
A2268,BPCL,40880,189756,230636,0,0,0,0,
A2268,CANBK,0,0,0,0,0,0,0,
A2268,NIFTY,0,38650,187500,0,0,0,148850,
A2268,TATAMOTORS,21605,74727,96332,0,0,0,0,
A2268,WIPRO,70490,303400,373890,0,0,0,0,
A2684,ABCAPITAL,102286,-101898,-16891,0,0,0,-17280,
A2684,ACC,65815,298177,363992,0,0,0,0,
A2684,ADANIENT,1672596,3691642,5354064,0,0,0,-10175,
A2684,ADANIPORTS,76965,423600,500565,0,0,0,0,
A2684,AMBUJACEM,106718,975455,1082174,0,0,0,0,
A2684,APOLLOHOSP,0,0,0,0,0,0,0,
A2684,ASHOKLEY,26031,-8250,-28218,0,0,0,-46000,
A2684,AUBANK,89285,535840,625125,0,0,0,0,
A2684,BAJFINANCE,59040,317387,376428,0,0,0,0,
A2684,BANKBARODA,0,0,0,0,0,0,0,
A2684,BANKNIFTY,14528575,25635803,36509595,0,0,0,-3654783,
A2684,BHARTIARTL,168946,684114,853060,0,0,0,0,
A2684,BHEL,3794694,3305400,7626144,0,0,0,526050,
A2684,COALINDIA,0,0,0,0,0,0,0,
A2684,CONCOR,106813,-74070,-531307,0,0,0,-564050,
A2684,DELTACORP,239900,402730,732790,0,0,0,90160,
A2684,DIXON,0,0,0,0,0,0,0,
A2684,DLF,160325,48807,-205924,0,0,0,-415057,
A2684,ESCORTS,0,60610,-457930,0,0,0,-518540,
A2684,GMRINFRA,32051,95400,126326,0,0,0,-1125,
A2684,HDFCBANK,31139,125999,157139,0,0,0,0,
A2684,HINDCOPPER,0,-17844,84710,0,0,0,102555,
A2684,IBULHSGFIN,1305517,1826080,3650197,0,0,0,518600,
A2684,IDFCFIRSTB,30476,208500,257726,0,0,0,18750,
A2684,IEX,493335,976500,1857960,0,0,0,388125,
A2684,INDUSINDBK,56090,12253,214368,0,0,0,146025,
A2684,ITC,38113,155712,193825,0,0,0,0,
A2684,L&TFH,54284,101376,167708,0,0,0,12047,
A2684,LTI,51852,297411,349263,0,0,0,0,
A2684,LUPIN,0,0,0,0,0,0,0,
A2684,MANAPPURAM,118860,-65100,5159,0,0,0,-48600,
A2684,MCDOWELL-N,38909,199131,251384,0,0,0,13343,
A2684,METROPOLIS,30371,193367,223739,0,0,0,0,
A2684,MFSL,106020,498335,548911,0,0,0,-55445,
A2684,MRF,62933,290962,353896,0,0,0,0,
A2684,NAVINFLUOR,68537,377343,445880,0,0,0,0,
A2684,NIFTY,1203328,4540994,5759503,0,0,0,15180,
A2684,OBEROIRLTY,109576,669795,779371,0,0,0,0,
A2684,PEL,23673,156106,179779,0,0,0,0,
A2684,PNB,600320,745920,1430240,0,0,0,84000,
A2684,RBLBANK,0,0,0,0,0,0,0,
A2684,RECLTD,274806,-27200,306806,0,0,0,59200,
A2684,SBIN,127554,563940,691494,0,0,0,0,
A2684,SRF,89723,491411,581135,0,0,0,0,
A2684,TATAMOTORS,1642044,10416294,12058338,0,0,0,0,
A2684,TATAPOWER,79415,443542,343407,0,0,0,-179550,
A2684,TCS,17795,72829,90625,0,0,0,0,
A2684,TITAN,1430714,6423637,7854351,0,0,0,0,
A2684,ZEEL,0,-4950,59850,0,0,0,64800,
A2689,AMBUJACEM,2774690,25361855,28136546,0,0,0,0,
A2689,BANKNIFTY,4298395,7463097,11328292,0,0,0,-433200,
A2689,DEEPAKNTR,36899,234710,271609,0,0,0,0,
A2689,HINDUNILVR,452934,1844007,2296941,0,0,0,0,
A2689,ICICIBANK,134312,567971,702283,0,0,0,0,
A2689,IDEA,39445,380800,420245,0,0,0,0,
A2689,MCDOWELL-N,116727,557362,674089,0,0,0,0,
A2689,MPHASIS,109673,602043,711717,0,0,0,0,
A2689,NESTLEIND,109364,451862,561226,0,0,0,0,
A2689,NIFTY,3998754,17375875,21573629,0,0,0,199000,
A2689,PNB,0,0,0,0,0,0,0,
A2689,SAIL,1050210,6922800,7973010,0,0,0,0,
A2689,SBIN,127554,566580,694134,0,0,0,0,
A2689,TATAMOTORS,345693,2185608,2531301,0,0,0,0,
A2794,ACC,0,0,0,0,0,0,0,
A2794,ADANIENT,273077,175300,448377,0,0,0,0,
A2794,ADANIPORTS,1308405,7231000,8539405,0,0,0,0,
A2794,AMBUJACEM,2418960,22110336,24529296,0,0,0,0,
A2794,BAJFINANCE,29520,-6986,22534,0,0,0,0,
A2794,BANDHANBNK,193290,-75096,118194,0,0,0,0,
A2794,BANKNIFTY,85967,286596,372564,0,0,0,0,
A2794,CONCOR,133516,425180,558696,0,0,0,0,
A2794,GNFC,0,0,0,0,0,0,0,
A2794,MARUTI,0,0,0,0,0,0,0,
A2798,ADANIPORTS,57723,143043,200767,0,0,0,0,
A2798,BHARATFORG,29646,102060,131706,0,0,0,0,
A2798,NIFTY,166614,447435,614049,0,0,0,0,
A2822,BANKNIFTY,0,162257,324515,0,0,0,162257,
AHDA465,BANKNIFTY,0,2827,5655,0,0,0,2827,
AHDA508,INFY,0,60,-435,0,0,0,-495,
AHDA508,NIFTY,0,242,-1275,0,0,0,-1517,
AHDJ216,IDEA,98612,952700,1051312,0,0,0,0,
AHDJ234,BANKNIFTY,0,0,0,0,0,0,0,
AHDJ235,BANKNIFTY,0,0,0,0,0,0,0,
AHDJ265,AMBUJACEM,71145,650304,721449,0,0,0,0,
AHDJ265,HDFCAMC,0,0,0,0,0,0,0,
AHDJ331,NIFTY,0,80,80,0,0,0,0,
AHM0180,HDFCAMC,22710,104451,127161,0,0,0,0,
AHM0180,HEROMOTOCO,28435,123885,152320,0,0,0,0,
AHM0180,JINDALSTEL,159495,1108125,1267620,0,0,0,0,
AHM0180,MANAPPURAM,23772,149880,173652,0,0,0,0,
AHM0180,NIFTY,74051,348977,423028,0,0,0,0,
AHM0180,SAIL,35007,230760,265767,0,0,0,0,
ARM036,TATASTEEL,0,7012,-28687,0,0,0,-35700,
AS815,BANKNIFTY,0,-4466,-4466,0,0,0,0,
CAV001,BANKNIFTY,0,2217,4435,0,0,0,2217,
CAV001,BPCL,0,0,0,0,0,0,0,
CAV001,HDFCLIFE,0,0,0,0,0,0,0,
CAV022,BANKNIFTY,0,2512,5024,0,0,0,2512,
CAV022,BPCL,0,0,0,0,0,0,0,
CAV022,HDFCLIFE,0,0,0,0,0,0,0,
CB108,BANKNIFTY,0,0,0,0,0,0,0,
CB108,FINNIFTY,0,1096,2192,0,0,0,1096,
CB108,NIFTY,0,0,0,0,0,0,0,
CB112,FINNIFTY,0,456,912,0,0,0,456,
CB113,FINNIFTY,0,456,912,0,0,0,456,
CB114,FINNIFTY,0,458,916,0,0,0,458,
CB116,FINNIFTY,0,460,920,0,0,0,460,
CB118,FINNIFTY,0,460,920,0,0,0,460,
CB120,FINNIFTY,0,462,924,0,0,0,462,
DKM001,NIFTY,0,265,530,0,0,0,265,
DKM002,BANKNIFTY,0,1123,2247,0,0,0,1123,
DKM005,PERSISTENT,0,697,31522,0,0,0,30825,
EA007,NIFTY,0,0,0,0,0,0,0,
HJ011,FINNIFTY,0,1594,3800,0,0,0,2206,
HJ014,AMBUJACEM,426875,3901823,4328699,0,0,0,0,
HJ014,ASHOKLEY,104125,600400,704525,0,0,0,0,
HJ014,HINDUNILVR,399648,942195,1341843,0,0,0,0,
HJ014,TITAN,510969,1420031,1931000,0,0,0,0,
HJ040,BANKNIFTY,0,966,1932,0,0,0,966,
HJ043,FINNIFTY,0,750,1500,0,0,0,750,
HM001,PFC,0,0,0,0,0,0,0,
HNK013,BANKNIFTY,21491,130063,151555,0,0,0,0,
HPV002,BANKNIFTY,515807,1428693,1944500,0,0,0,0,
JAM01036,BANKNIFTY,0,0,0,0,0,0,0,
JAM01080,BANKNIFTY,0,775,1550,0,0,0,775,
JAM01114,BANKNIFTY,0,1920,3840,0,0,0,1920,
KBS033,NIFTY,0,0,0,0,0,0,0,
KH032,WIPRO,0,-2500,-23000,0,0,0,-20500,
KH066,SIEMENS,26743,112813,139556,0,0,0,0,
KH066,WIPRO,14098,60680,74778,0,0,0,0,
KH069,HDFCAMC,22710,104451,127161,0,0,0,0,
KH069,SIEMENS,53487,225626,279113,0,0,0,0,
KH071,RELIANCE,0,0,0,0,0,0,0,
KH071,SIEMENS,53487,225626,279113,0,0,0,0,
KH109,NIFTY,0,0,0,0,0,0,0,
KH266,ASTRAL,18229,102605,120835,0,0,0,0,
KH266,KOTAKBANK,26997,112408,139405,0,0,0,0,
KH266,MANAPPURAM,23772,149880,173652,0,0,0,0,
KH266,RELIANCE,0,0,0,0,0,0,0,
KH266,TATAMOTORS,21605,137056,158662,0,0,0,0,
KH289,MANAPPURAM,23772,149880,173652,0,0,0,0,
KH289,NIFTY,18512,119571,138084,0,0,0,0,
KH289,SIEMENS,53487,225626,279113,0,0,0,0,
KH294,SIEMENS,26743,112813,139556,0,0,0,0,
KH294,TATAMOTORS,21605,137056,158662,0,0,0,0,
KH298,SIEMENS,26743,112813,139556,0,0,0,0,
KH405,MPHASIS,0,0,0,0,0,0,0,
KH405,SIEMENS,26743,112813,139556,0,0,0,0,
KL002,NIFTY,0,-35,-70,0,0,0,-35,
KL002,TATASTEEL,0,-2550,-2550,0,0,0,0,
KS117,BHEL,361399,858480,1219879,0,0,0,0,
KS117,RAIN,43744,320670,364414,0,0,0,0,
KS126,BANKNIFTY,0,3512,7025,0,0,0,3512,
KS126,POWERGRID,0,0,0,0,0,0,0,
KS126,WIPRO,42294,182040,224334,0,0,0,0,
KS145,IEX,39466,228900,268366,0,0,0,0,
KS145,INDUSTOWER,19903,117600,137503,0,0,0,0,
KS145,WIPRO,28196,121360,149556,0,0,0,0,
KS150,ADANIPORTS,38482,211800,250282,0,0,0,0,
M0225,NATIONALUM,0,0,0,0,0,0,0,
M0244,NIFTY,0,-7840,-39430,0,0,0,-31590,
M0819,NIFTY,18512,440,18865,0,0,0,-87,
MA007,NIFTY,0,-165,-165,0,0,0,0,
MA026,BANKNIFTY,0,-7297,13425,0,0,0,20722,
MA026,CANBK,0,8235,16470,0,0,0,8235,
MAL01018,NIFTY,0,-232,-422,0,0,0,-190,
MAL10002,M&MFIN,0,0,0,0,0,0,0,
MAL19010,BANKNIFTY,21491,10879,32371,0,0,0,0,
MAL19010,NIFTY,37025,-1519,35505,0,0,0,0,
MALZG008,FEDERALBNK,0,0,0,0,0,0,0,
MALZG008,INFY,0,0,0,0,0,0,0,
MALZG008,TCS,0,255,510,0,0,0,255,
MAN19003,BANKNIFTY,64475,296565,362644,0,0,0,1603,
MAS05019,BALRAMCHIN,21036,148544,169580,0,0,0,0,
MAS05019,BANKNIFTY,21491,125739,149217,0,0,0,1986,
MAS05019,CHAMBLFERT,15910,110415,126325,0,0,0,0,
MAS05019,GNFC,165765,1274598,1440363,0,0,0,0,
MAS05019,NIFTY,0,0,0,0,0,0,0,
MAS05019,TATAMOTORS,43211,274113,317324,0,0,0,0,
MAS05019,TATAPOWER,52943,320895,373838,0,0,0,0,
MAS05045,CANBK,61774,46656,108430,0,0,0,0,
MAS05045,JINDALSTEL,0,0,0,0,0,0,0,
MAS05045,RBLBANK,26258,232500,258758,0,0,0,0,
MAS09025,BANKNIFTY,0,790,1580,0,0,0,790,
MAS09025,NIFTY,0,-2937,1395,0,0,0,4332,
MAS09025,RELIANCE,0,0,0,0,0,0,0,
MAS09029,TCS,0,0,0,0,0,0,0,
MAS15082,CANBK,61774,396252,458026,0,0,0,0,
MAS44002,SAIL,17503,24600,42103,0,0,0,0,
MAS44002,SBIN,31888,22620,54508,0,0,0,0,
MAS44011,HDFCBANK,31139,125999,157139,0,0,0,0,
MAS44011,TATASTEEL,15797,94605,110402,0,0,0,0,
MAS44020,HDFCBANK,31139,125999,157139,0,0,0,0,
MAS44021,IDEA,19722,190400,210122,0,0,0,0,
MAS44021,SAIL,17503,115380,132883,0,0,0,0,
MAS44037,IRCTC,22102,139938,162040,0,0,0,0,
MAS44039,FEDERALBNK,23196,21500,44696,0,0,0,0,
MAS44050,TATAPOWER,26471,160447,186919,0,0,0,0,
MASXA003,BANKNIFTY,42983,248781,290451,0,0,0,-1313,
MASXA003,DEEPAKNTR,18449,117355,135804,0,0,0,0,
MASXA003,TATAMOTORS,21605,137056,158662,0,0,0,0,
MASXA003,TATAPOWER,26471,160447,186919,0,0,0,0,
MASYC007,BPCL,20440,94878,115318,0,0,0,0,
MASYC007,GNFC,27627,212433,240060,0,0,0,0,
MASYV005,INFY,17174,58140,75314,0,0,0,0,
MASYV050,NIFTY,0,2537,5022,0,0,0,2484,
MB1337,BANKNIFTY,0,-3027,209300,0,0,0,212327,
MB1337,NIFTY,0,6002,97255,0,0,0,91252,
MB144,FEDERALBNK,0,-250,-250,0,0,0,0,
MB144,ITC,0,-160,-160,0,0,0,0,
MB2133,NIFTY,0,-2670,-2670,0,0,0,0,
MDS002,AXISBANK,0,-240,-18120,0,0,0,-17880,
MDS002,BAJFINANCE,0,768,-18850,0,0,0,-19618,
MDS002,BANKNIFTY,0,178418,356837,0,0,0,178418,
MDS002,ICICIBANK,0,550,-13750,0,0,0,-14300,
MDS002,KOTAKBANK,0,400,-16180,0,0,0,-16580,
MDS002,MARUTI,0,-334,-17635,0,0,0,-17300,
MDS002,RELIANCE,0,-7000,-25675,0,0,0,-18675,
MDS002,SBIN,0,525,-8850,0,0,0,-9375,
MDS002,TATAMOTORS,0,-641,-14250,0,0,0,-13608,
MDS002,WIPRO,0,-850,-10300,0,0,0,-9450,
MDS004,BANKNIFTY,0,160787,321575,0,0,0,160787,
MDS005,BANKNIFTY,0,159317,318635,0,0,0,159317,
MDS007,BANKNIFTY,0,17962,35925,0,0,0,17962,
MDS009,BANKNIFTY,0,17897,35795,0,0,0,17897,
MDS010,BANKNIFTY,0,3948,7897,0,0,0,3948,
MDS012,BANKNIFTY,0,39845,79690,0,0,0,39845,
MDS016,BANKNIFTY,0,3938,7877,0,0,0,3938,
MHM01045,BAJAJFINSV,57179,313000,370179,0,0,0,0,
MHM01045,CHAMBLFERT,15910,110415,126325,0,0,0,0,
MHM01045,DELTACORP,26655,132020,158675,0,0,0,0,
MHM01045,GODREJCP,30077,141180,171257,0,0,0,0,
MHM01045,HAL,45412,248776,294188,0,0,0,0,
MHM01045,HDFC,28154,122544,150698,0,0,0,0,
MHM01045,HDFCAMC,22710,104451,127161,0,0,0,0,
MHM01045,INDIACEM,24456,180148,204604,0,0,0,0,
MHM01045,JSWSTEEL,34312,190390,224703,0,0,0,0,
MHM01045,KOTAKBANK,26997,112408,139405,0,0,0,0,
MHM01045,L&TFH,27142,175267,202409,0,0,0,0,
MHM01045,LUPIN,21412,103215,124628,0,0,0,0,
MHM01045,POLYCAB,26776,133692,160468,0,0,0,0,
MHM01045,TATAPOWER,105887,641790,747677,0,0,0,0,
MHM01105,NIFTY,0,-23510,-23510,0,0,0,0,
MHM01179,AMBUJACEM,0,0,0,0,0,0,0,
MHM01179,BAJAJFINSV,28589,156500,185089,0,0,0,0,
MHM01179,BANDHANBNK,0,0,0,0,0,0,0,
MHM01179,DIVISLAB,0,0,0,0,0,0,0,
MHM01179,GODREJPROP,0,0,0,0,0,0,0,
MHM01179,IRCTC,0,0,0,0,0,0,0,
MHM01179,LT,0,0,0,0,0,0,0,
MHM01179,MUTHOOTFIN,0,0,0,0,0,0,0,
MHM01179,NAUKRI,0,0,0,0,0,0,0,
MHM01179,SAIL,0,0,0,0,0,0,0,
MHM01179,SRF,0,0,0,0,0,0,0,
MHM01179,TECHM,0,0,0,0,0,0,0,
MHM01213,FSL,0,0,0,0,0,0,0,
MHM01213,GAIL,0,0,0,0,0,0,0,
MHM01213,HINDPETRO,0,0,0,0,0,0,0,
MHM01213,IRCTC,154714,979571,1134285,0,0,0,0,
MHMZB001,ONGC,0,-1155,-1155,0,0,0,0,
MHMZB081,TATASTEEL,0,-2550,-2550,0,0,0,0,
MK010,ESCORTS,0,0,0,0,0,0,0,
MK027,BANKNIFTY,0,4055,55805,0,0,0,51750,
MM650,TCS,41523,170768,212291,0,0,0,0,
MM681,TCS,62284,256152,318437,0,0,0,0,
MM736,TCS,41523,170768,212291,0,0,0,0,
MM835,ADANIENT,34134,213987,248122,0,0,0,0,
MM835,NIFTY,1221841,3694785,4916626,0,0,0,0,
MMM66008,BANKNIFTY,0,-1342,-3329,0,0,0,-1987,
MMM66008,NIFTY,0,590,4172,0,0,0,3582,
MNTZH002,BANKNIFTY,0,-370,-370,0,0,0,0,
MNTZH002,EXIDEIND,0,0,0,0,0,0,0,
MNTZH002,NIFTY,0,5717,13085,0,0,0,7367,
MNTZM002,AXISBANK,0,0,0,0,0,0,0,
MNTZM002,ESCORTS,0,0,0,0,0,0,0,
MNTZM002,IEX,0,0,0,0,0,0,0,
MNTZM002,JSWSTEEL,0,0,0,0,0,0,0,
MNTZM002,L&TFH,0,0,0,0,0,0,0,
MNTZM002,LT,0,0,0,0,0,0,0,
MNTZM002,LTI,0,-97,-97,0,0,0,0,
MNTZM002,MARUTI,0,0,0,0,0,0,0,
MNTZM002,RBLBANK,0,0,0,0,0,0,0,
MNTZM002,TCS,0,0,0,0,0,0,0,
MTJ01010,BANKNIFTY,0,-456,-456,0,0,0,0,
MTJ01010,BHEL,0,-1050,-1050,0,0,0,0,
MTJ01010,NIFTY,0,-4937,-4937,0,0,0,0,
MU1TJPP001,ACC,0,5250,5250,0,0,0,0,
MU1TJPP001,BOSCHLTD,177834,501028,678862,0,0,0,0,
MU1TJPP001,BSOFT,0,4940,4940,0,0,0,0,
MU1TJPP001,GODREJPROP,58578,373788,432367,0,0,0,0,
MU1TJPP001,L&TFH,0,12493,12493,0,0,0,0,
MU1TJPP001,LAURUSLABS,0,-6435,-6435,0,0,0,0,
MU1TJPP001,LUPIN,0,7055,7055,0,0,0,0,
MU1TJPP001,NIFTY,18512,87030,105543,0,0,0,0,
MU1TJPP001,RELIANCE,160328,101405,355420,0,0,0,93687,
MU1TJPP001,TCS,0,-3660,-3660,0,0,0,0,
MU1TJPP001,ULTRACEMCO,0,-15979,-15979,0,0,0,0,
NK008,BANKNIFTY,0,-8583,-17167,0,0,0,-8583,
NRD001,BANKNIFTY,0,19801,39602,0,0,0,19801,
NRD009,BANKNIFTY,0,56250,112500,0,0,0,56250,
PJ045,BANKNIFTY,0,-1250,-2500,0,0,0,-1250,
PKR020,ICICIGI,17245,73036,90281,0,0,0,0,
PKR027,SIEMENS,26743,112813,139556,0,0,0,0,
PN004,GMRINFRA,0,0,0,0,0,0,0,
PN004,TECHM,0,-420,-420,0,0,0,0,
PV805,NIFTY,0,217,5617,0,0,0,5400,
RJ02011,BANKNIFTY,0,0,0,0,0,0,0,
RJ027022,BANKNIFTY,0,0,0,0,0,0,0,
RJ027049,BANKNIFTY,0,0,0,0,0,0,0,
RJ029005,BANKNIFTY,21491,129913,151405,0,0,0,0,
RJ06012,BANKNIFTY,0,0,0,0,0,0,0,
RJ06016,BANKNIFTY,0,0,0,0,0,0,0,
RJ06022,BANKNIFTY,21491,44935,66427,0,0,0,0,
SKB015,BANKNIFTY,42983,19784,62768,0,0,0,0,
SKB041,BANKNIFTY,42983,19784,62768,0,0,0,0,
SSM101,EICHERMOT,0,1680,1680,0,0,0,0,
SSM101,IRCTC,0,2887,2887,0,0,0,0,
SSM101,NIFTY,92563,303349,395913,0,0,0,0,
SSM101,RELIANCE,0,37400,124100,0,0,0,86700,
SSM101,TATAMOTORS,0,1139,1139,0,0,0,0,
SSM101,TATAPOWER,0,-5400,-5400,0,0,0,0,
SSM135,TATAPOWER,0,-506,-506,0,0,0,0,
SSM171,ACC,0,0,0,0,0,0,0,
SSM171,ADANIPORTS,19241,-1968,17272,0,0,0,0,
SSM171,HDFCAMC,0,-1575,-1575,0,0,0,0,
SSM171,INFY,0,-15,20835,0,0,0,20850,
SSM171,ITC,0,-719,-719,0,0,0,0,
SSM171,LT,0,-1005,-19755,0,0,0,-18750,
SSM171,M&M,0,-1995,-1995,0,0,0,0,
SSM171,MUTHOOTFIN,0,0,11100,0,0,0,11100,
SSM171,NIFTY,0,-1535,-1535,0,0,0,0,
SSM171,SHREECEM,0,3622,25291,0,0,0,21668,
SSM171,TATACHEM,0,475,475,0,0,0,0,
SSM171,TATAMOTORS,0,-142,-142,0,0,0,0,
SSM171,TITAN,0,-506,11362,0,0,0,11868,
SSM171,ZEEL,27237,450,34437,0,0,0,6750,
SSM189,TATACHEM,0,475,475,0,0,0,0,
SSM189,TATAMOTORS,21605,213,21819,0,0,0,0,
SSM189,TATAPOWER,0,-2700,-2700,0,0,0,0,
SSM234,BHARATFORG,0,6600,6600,0,0,0,0,
SSM234,CUMMINSIND,0,-4260,-4260,0,0,0,0,
SSM234,EICHERMOT,0,1680,1680,0,0,0,0,
SSM234,IEX,0,-9562,-9562,0,0,0,0,
SSM234,IRCTC,0,2887,2887,0,0,0,0,
SSM234,TATACHEM,0,950,950,0,0,0,0,
SSM234,TATAMOTORS,0,9191,73316,0,0,0,64125,
SSM234,TATAPOWER,0,-2700,-2700,0,0,0,0,
SSS014,COFORGE,0,195,195,0,0,0,0,
SSS014,PERSISTENT,0,1507,6382,0,0,0,4875,
SSY333,CUMMINSIND,0,-4260,-4260,0,0,0,0,
SSY333,EICHERMOT,0,1680,1680,0,0,0,0,
SSY333,TATAMOTORS,0,9191,73316,0,0,0,64125,
SV008,LT,0,-225,-225,0,0,0,0,
TG0044,BANKNIFTY,0,0,0,0,0,0,0,
TG0084,BANKNIFTY,0,292,584,0,0,0,292,
TG0320,NIFTY,92563,435152,527716,0,0,0,0,
TG0321,NIFTY,111076,520,111596,0,0,0,0,
TG0331,BANKNIFTY,0,76,152,0,0,0,76,
TG0331,NIFTY,0,0,0,0,0,0,0,
TG0335,BANKNIFTY,0,-16227,-59760,0,0,0,-43532,
TM0001,BANKNIFTY,0,0,0,0,0,0,0,
V01037,BANKNIFTY,0,-11452,-62805,0,0,0,-51352,
V01037,NIFTY,0,-8552,45720,0,0,0,54272,
V03036,BANKNIFTY,0,138,1646,0,0,0,1507,
V03036,NIFTY,0,-1610,-8882,0,0,0,-7272,
V11020,ASIANPAINT,0,0,0,0,0,0,0,
V11020,BAJFINANCE,0,-143,16106,0,0,0,16250,
V11020,MARUTI,0,520,2430,0,0,0,1910,
V11020,NIFTY,0,0,0,0,0,0,0,
V18003,BANKNIFTY,644759,1792151,2436910,0,0,0,0,
V18034,BANKNIFTY,0,297,595,0,0,0,297,
V20015,NIFTY,0,-1650,-1650,0,0,0,0,
V20098,BANKNIFTY,0,62,4795,0,0,0,4732,
V22061,BANKNIFTY,0,108,217,0,0,0,108,
V25009,BANKNIFTY,0,238,238,0,0,0,0,
V25009,SBIN,0,0,0,0,0,0,0,
V25079,BANKNIFTY,0,0,0,0,0,0,0,
V25079,RELIANCE,0,9000,18000,0,0,0,9000,
V27002,FINNIFTY,0,-1770,-2030,0,0,0,-260,
VJ375,NIFTY,0,-970,-970,0,0,0,0,
VJ398,BANKNIFTY,0,-792,-792,0,0,0,0,
VRM004,BERGEPAINT,0,660,660,0,0,0,0,
VRM004,HINDCOPPER,0,-860,-860,0,0,0,0,
VRM148,ACC,877537,3975700,4853237,0,0,0,0,
VRM148,DLF,137421,818631,956052,0,0,0,0,
VRM148,IDEA,19722,191100,210822,0,0,0,0,
VRM148,IEX,118400,686700,805100,0,0,0,0,
VRM148,MOTHERSON,277452,1729080,2006532,0,0,0,0,
VRM148,WIPRO,352450,1517000,1869450,0,0,0,0,
VRM152,BANKNIFTY,0,-180,-360,0,0,0,-180,
VRM155,BANKNIFTY,0,-1388,-2777,0,0,0,-1388,
VRM155,CANBK,0,0,0,0,0,0,0,
VRM155,NAUKRI,0,12737,102025,0,0,0,89287,
VRM155,PFC,0,-42160,-176700,0,0,0,-134540,
VRM158,BANKNIFTY,0,5418,10837,0,0,0,5418,
VRM164,BANKNIFTY,0,3372,9701,0,0,0,6328,
VRM164,CANBK,0,0,0,0,0,0,0,
VRM164,NAUKRI,0,3881,46037,0,0,0,42156,
YSM001,BANKNIFTY,0,0,0,0,0,0,0,
ZH035,BANDHANBNK,0,0,0,0,0,0,0,
ZH036,BANDHANBNK,55225,376272,431497,0,0,0,0,
ZH043,BANDHANBNK,55225,376272,431497,0,0,0,0,
ZH079,BANDHANBNK,55225,376272,431497,0,0,0,0,
19719,BANKNIFTY,0,5190,5690,0,0,0,500,
19719,INDUSINDBK,0,0,0,0,0,0,0,
19719,MFSL,0,0,0,0,0,0,0,
6405,AARTIIND,0,1912,-45135,0,0,0,-47047,
6405,AUROPHARMA,0,50,100,0,0,0,50,
6405,BAJAJ-AUTO,0,0,0,0,0,0,0,
6405,DRREDDY,0,-7606,-15212,0,0,0,-7606,
6405,GRANULES,0,-11800,-23600,0,0,0,-11800,
6405,GRASIM,28846,125808,154655,0,0,0,0,
6405,ICICIGI,0,5822,11645,0,0,0,5822,
6405,IGL,0,-3781,-7562,0,0,0,-3781,
6405,JINDALSTEL,113925,792562,907987,0,0,0,1500,
6405,JSWSTEEL,343129,229972,291694,0,0,0,-281407,
6405,LALPATHLAB,21245,22697,54155,0,0,0,10212,
6405,MANAPPURAM,0,-899,-28499,0,0,0,-27599,
6405,MUTHOOTFIN,0,0,-36000,0,0,0,-36000,
6405,PIDILITIND,0,887,-14575,0,0,0,-15462,
6405,SHREECEM,20303,94083,114387,0,0,0,0,
6405,UBL,0,-5360,-48240,0,0,0,-42880,
A0017,RAMCOCEM,117229,596037,713266,0,0,0,0,
A0020,ACC,0,0,0,0,0,0,0,
A0020,APOLLOTYRE,0,0,0,0,0,0,0,
A0020,BAJAJFINSV,0,0,0,0,0,0,0,
A0020,BAJFINANCE,0,0,0,0,0,0,0,
A0020,CHAMBLFERT,0,0,0,0,0,0,0,
A0020,DELTACORP,0,0,0,0,0,0,0,
A0020,HINDUNILVR,0,0,0,0,0,0,0,
A0020,IBULHSGFIN,0,-2200,-4400,0,0,0,-2200,
A0020,VEDL,171728,1198305,1370033,0,0,0,0,
A0042,ADANIENT,750961,4692160,5443121,0,0,0,0,
A0042,SAIL,175035,1150200,1325235,0,0,0,0,
A0108,BHEL,271049,526995,861044,0,0,0,63000,
A0654,NIFTY,0,5347,-2044,0,0,0,-7392,
A1675,BANKNIFTY,0,19042,36328,0,0,0,17286,
A1675,FINNIFTY,138361,411488,557444,0,0,0,7594,
A1675,NIFTY,0,-9807,-29845,0,0,0,-20037,
A1877,SBIN,95665,83055,178495,0,0,0,-225,
A2221,TCS,62284,195767,285877,0,0,0,27825,
A2684,FINNIFTY,0,20586,-729828,0,0,0,-750414,
A2684,GODREJPROP,0,-1446,-8206,0,0,0,-6760,
A2684,IGL,0,-8043,-36712,0,0,0,-28668,
A2684,IRCTC,640959,-47031,458084,0,0,0,-135843,
AHM0102,BANKNIFTY,0,891,1782,0,0,0,891,
AHM0142,BANKNIFTY,0,311,622,0,0,0,311,
ARM045,RELIANCE,0,-50750,-354300,0,0,0,-303550,
HJ011,BAJFINANCE,0,587,1175,0,0,0,587,
HJ040,FINNIFTY,0,116,232,0,0,0,116,
KH038,WIPRO,0,-800,-5800,0,0,0,-5000,
KH066,BANKNIFTY,0,0,0,0,0,0,0,
KH298,BANKNIFTY,0,0,0,0,0,0,0,
KH298,INDUSINDBK,18696,116927,135624,0,0,0,0,
KH353,IEX,0,0,0,0,0,0,0,
KH405,TATACONSUM,0,0,0,0,0,0,0,
KS055,NIFTY,0,287,575,0,0,0,287,
KS055,RELIANCE,0,1887,3775,0,0,0,1887,
KS126,TATASTEEL,0,0,0,0,0,0,0,
MA037,NIFTY,74051,116222,192223,0,0,0,1950,
MAL10002,VOLTAS,0,-1625,-12150,0,0,0,-10525,
MAS05045,BHARATFORG,29646,160460,190106,0,0,0,0,
MAS09029,ASIANPAINT,0,-300,-600,0,0,0,-300,
MDS002,NIFTY,0,270,540,0,0,0,270,
MHM01179,KOTAKBANK,26997,112408,139405,0,0,0,0,
MHM01179,TVSMOTOR,50835,254758,305593,0,0,0,0,
MHM01213,ICICIPRULI,47470,225510,272980,0,0,0,0,
MMM12002,INFY,0,60,-435,0,0,0,-495,
MNTZM002,APOLLOTYRE,0,10325,20650,0,0,0,10325,
MNTZM002,INDIGO,0,-8700,-75270,0,0,0,-66570,
MNTZM002,SBILIFE,0,2062,4125,0,0,0,2062,
MNTZM002,TATACONSUM,0,-360,-720,0,0,0,-360,
MNTZS001,GODREJPROP,0,-243,-487,0,0,0,-243,
MU1TJPP001,IBULHSGFIN,0,-4600,-29200,0,0,0,-24600,
PKR024,IRCTC,0,-3937,-23187,0,0,0,-19250,
PKR026,IRCTC,0,-3981,-23275,0,0,0,-19293,
RJ06016,CANBK,0,0,0,0,0,0,0,
SSM101,GODREJPROP,0,-2258,-23383,0,0,0,-21125,
SSM171,BANKNIFTY,21491,1120,17641,0,0,0,-4970,
SSM171,VOLTAS,0,-2275,-17775,0,0,0,-15500,
SSM189,BANKNIFTY,42983,130484,188543,0,0,0,15075,
SSM189,GODREJPROP,14644,93447,108091,0,0,0,0,
SSM234,GODREJPROP,0,-1397,-21661,0,0,0,-20263,
SSY025,BANKNIFTY,0,-4383,-77280,0,0,0,-72896,
SSY025,TATAMOTORS,0,-142,-25649,0,0,0,-25507,
SSY137,TATAPOWER,0,-7087,-102600,0,0,0,-95512,
V01037,RELIANCE,0,-475,-950,0,0,0,-475,
V22061,SRF,0,750,-35250,0,0,0,-36000,
V25007,MGL,0,1200,2400,0,0,0,1200,
VJ417,LAURUSLABS,28677,159552,188229,0,0,0,0,
VRM004,L&TFH,0,-6246,-72730,0,0,0,-66483,
VRM155,MARUTI,0,1820,3640,0,0,0,1820,
VRM164,MARUTI,0,6225,12450,0,0,0,6225,
VRM164,NIFTY,0,-5485,-71220,0,0,0,-65735,
6405,CROMPTON,19173,11925,15198,0,0,0,-15900,
A0020,ASHOKLEY,0,0,0,0,0,0,0,
A0020,DALBHARAT,30487,176090,206577,0,0,0,0,
A0020,GRANULES,24962,148060,173022,0,0,0,0,
A0374,ABFRL,56529,320580,377109,0,0,0,0,
A1528,NIFTY,2221530,5185037,8565725,0,0,0,1159157,
A1877,BANDHANBNK,41419,55836,96535,0,0,0,-720,
A2684,GRANULES,0,-12800,-25600,0,0,0,-12800,
AHM0180,RELIANCE,22904,100792,123696,0,0,0,0,
DKM001,BANKNIFTY,0,527,1055,0,0,0,527,
HJ033,FINNIFTY,0,636,1272,0,0,0,636,
HJ043,BANKNIFTY,0,637,1275,0,0,0,637,
KL002,RECLTD,0,-400,-6800,0,0,0,-6400,
MAS12027,RELIANCE,22904,79522,110501,0,0,0,8074,
MAS19014,BANKNIFTY,0,3967,7935,0,0,0,3967,
MAS19014,NIFTY,0,-1450,-5415,0,0,0,-3965,
MAS44001,NIFTY,0,-1655,-5825,0,0,0,-4170,
MHM01179,ASIANPAINT,21757,91304,113061,0,0,0,0,
MHM01179,MARICO,20422,83351,103774,0,0,0,0,
MK027,NIFTY,0,4372,8745,0,0,0,4372,
MM534,BANKNIFTY,0,425,850,0,0,0,425,
MNTZS001,BANKNIFTY,0,786,1572,0,0,0,786,
MNTZS001,CIPLA,0,-292,-13097,0,0,0,-12805,
SSS014,MPHASIS,0,-315,-3167,0,0,0,-2852,
V11020,RELIANCE,0,312,-15875,0,0,0,-16187,
V25007,ASIANPAINT,0,-100,-13600,0,0,0,-13500,
VRM148,APOLLOTYRE,107751,683234,790985,0,0,0,0,
VRM155,NIFTY,0,-4772,-27620,0,0,0,-22847,
ARM027,NIFTY,0,17132,34265,0,0,0,17132,
GHD100,BANKNIFTY,0,680,1360,0,0,0,680,
PN004,BANKNIFTY,0,367,735,0,0,0,367,
RJ029006,BANKNIFTY,0,-1310,-8211,0,0,0,-6901,
SSM189,NIFTY,18512,75285,104262,0,0,0,10465,
MTJ01010,FINNIFTY,0,-130,-2292,0,0,0,-2162,
