UserID,Symbol,EXPO_Margin,SPAN_Margin,Total_Margin,FUT_MTM,OPT_MTM,FNO_MTM,PRM_MRG,
14275,ABB,108179,502975,611154,0,0,0.0,0.0,
14275,ABCAPITAL,383575,604314,987889,0,0,0.0,0.0,
14275,ABFRL,423969,1226940,1650909,0,0,0.0,0.0,
14275,ACC,789783,3561570,4351353,0,0,0.0,0.0,
14275,ADANIENT,3857212,17745260,21602472,0,0,0.0,0.0,
14275,ADANIPORTS,2078055,11691443,13769498,0,0,0.0,0.0,
14275,ALKEM,193306,796086,989392,0,0,0.0,0.0,
14275,AMARAJABAT,271530,187320,458850,0,0,0.0,0.0,
14275,AMBUJACEM,7328027,60338898,67666925,0,0,0.0,0.0,
14275,APOLLOTYRE,502838,1143695,1646533,0,0,0.0,0.0,
14275,ASHOKLEY,416500,1499000,1915500,0,0,0.0,0.0,
14275,ATUL,43058,129184,172242,0,0,0.0,0.0,
14275,AXISBANK,22259443,109367964,131627407,0,0,0.0,0.0,
14275,BAJAJFINSV,285897,1558950,1844847,0,0,0.0,0.0,
14275,BAJFINANCE,1623617,8334880,9958497,0,0,0.0,0.0,
14275,BALRAMCHIN,357618,2379408,2737026,0,0,0.0,0.0,
14275,BANDHANBNK,566064,1990188,2556252,0,0,0.0,0.0,
14275,BANKBARODA,34367,127998,162365,0,0,0.0,0.0,
14275,BANKNIFTY,34795507,5918519,40682784,0,0,0.0,-31242.5,
14275,BATAINDIA,164616,507677,672293,0,0,0.0,0.0,
14275,BEL,149634,313386,463020,0,0,0.0,0.0,
14275,BERGEPAINT,71228,290235,361463,0,0,0.0,0.0,
14275,BHARATFORG,59293,334520,393813,0,0,0.0,0.0,
14275,BHEL,2710496,3165855,5876351,0,0,0.0,0.0,
14275,BIOCON,295269,640228,935497,0,0,0.0,0.0,
14275,BPCL,81761,351396,433157,0,0,0.0,0.0,
14275,BRITANNIA,29285,120335,149621,0,0,0.0,0.0,
14275,BSOFT,147096,169455,316551,0,0,0.0,0.0,
14275,CANBK,30887,198774,229661,0,0,0.0,0.0,
14275,CANFINHOME,18587,113421,132009,0,0,0.0,0.0,
14275,CHAMBLFERT,286382,397170,683552,0,0,0.0,0.0,
14275,CHOLAFIN,63065,392975,456040,0,0,0.0,0.0,
14275,COALINDIA,1666774,2972004,4638778,0,0,0.0,0.0,
14275,COFORGE,683436,4388833,5072270,0,0,0.0,0.0,
14275,CONCOR,267032,719910,986942,0,0,0.0,0.0,
14275,COROMANDEL,157840,713734,871574,0,0,0.0,0.0,
14275,DABUR,48698,-4887,43810,0,0,0.0,0.0,
14275,DALBHARAT,30487,176090,206577,0,0,0.0,0.0,
14275,DEEPAKNTR,221397,366570,587967,0,0,0.0,0.0,
14275,DELTACORP,293211,793017,1086228,0,0,0.0,0.0,
14275,DLF,0,27390,27390,0,0,0.0,0.0,
14275,EICHERMOT,62734,158081,220815,0,0,0.0,0.0,
14275,ESCORTS,330380,1211287,1541667,0,0,0.0,0.0,
14275,EXIDEIND,46758,110232,156990,0,0,0.0,0.0,
14275,FINNIFTY,10653849,4678317,15403318,0,0,0.0,71152.0,
14275,GLENMARK,1098277,5686336,6784613,0,0,0.0,0.0,
14275,GMRINFRA,224358,373950,598308,0,0,0.0,0.0,
14275,GNFC,248648,436254,684902,0,0,0.0,0.0,
14275,GODREJPROP,1054421,1533470,2587891,0,0,0.0,0.0,
14275,GUJGASLTD,64588,298875,363463,0,0,0.0,0.0,
14275,HAL,90824,290282,381106,0,0,0.0,0.0,
14275,HAVELLS,21813,1410,23223,0,0,0.0,0.0,
14275,HCLTECH,110563,448196,558759,0,0,0.0,0.0,
14275,HDFC,1661096,3775026,5436122,0,0,0.0,0.0,
14275,HDFCAMC,249820,760068,1009888,0,0,0.0,0.0,
14275,HDFCBANK,747354,1168761,1916390,0,0,0.0,275.0,
14275,HDFCLIFE,925948,805178,1731126,0,0,0.0,0.0,
14275,HINDALCO,0,464185,464185,0,0,0.0,0.0,
14275,HINDCOPPER,17247,129946,147193,0,0,0.0,0.0,
14275,HINDUNILVR,4476061,8769426,13245487,0,0,0.0,0.0,
14275,IBULHSGFIN,1015402,1996880,3012282,0,0,0.0,0.0,
14275,ICICIBANK,10476340,44301757,54778098,0,0,0.0,0.0,
14275,ICICIPRULI,332293,3816480,4148773,0,0,0.0,0.0,
14275,IDEA,177502,349300,526802,0,0,0.0,0.0,
14275,IDFCFIRSTB,30476,189750,220226,0,0,0.0,0.0,
14275,IEX,276268,1067175,1343443,0,0,0.0,0.0,
14275,INDHOTEL,861230,2368676,3229907,0,0,0.0,0.0,
14275,INDUSINDBK,2561465,5198427,7759892,0,0,0.0,0.0,
14275,INFY,1099156,4471917,5571073,0,0,0.0,0.0,
14275,INTELLECT,384441,2833207,3217649,0,0,0.0,0.0,
14275,IPCALAB,19770,86606,106376,0,0,0.0,0.0,
14275,IRCTC,1304021,1307696,2611717,0,0,0.0,0.0,
14275,ITC,76227,309824,386051,0,0,0.0,0.0,
14275,JUBLFOOD,851757,1650550,2502307,0,0,0.0,0.0,
14275,KOTAKBANK,485956,2013264,2499220,0,0,0.0,0.0,
14275,L&TFH,27142,175267,202409,0,0,0.0,0.0,
14275,LAURUSLABS,14338,79488,93826,0,0,0.0,0.0,
14275,LICHSGFIN,670687,1759999,2430687,0,0,0.0,0.0,
14275,LT,151612,226581,378193,0,0,0.0,0.0,
14275,LTI,544447,3111475,3655923,0,0,0.0,0.0,
14275,LTTS,54401,167536,221937,0,0,0.0,0.0,
14275,M&M,30889,86037,116926,0,0,0.0,0.0,
14275,M&MFIN,178626,718800,897426,0,0,0.0,0.0,
14275,MARUTI,2020368,2557937,4578305,0,0,0.0,0.0,
14275,MCDOWELL-N,291817,389268,681086,0,0,0.0,0.0,
14275,MFSL,302916,349375,652291,0,0,0.0,0.0,
14275,MRF,157333,56249,213582,0,0,0.0,0.0,
14275,NAUKRI,69205,436905,506110,0,0,0.0,0.0,
14275,NESTLEIND,54682,224780,279462,0,0,0.0,0.0,
14275,NIFTY,41264919,12143824,53404113,0,0,0.0,-4630.0,
14275,NMDC,13870,59094,72964,0,0,0.0,0.0,
14275,NTPC,101595,219564,321159,0,0,0.0,0.0,
14275,ONGC,56817,324555,381372,0,0,0.0,0.0,
14275,PAGEIND,198380,185486,383866,0,0,0.0,0.0,
14275,PEL,418225,818482,1236708,0,0,0.0,0.0,
14275,PETRONET,21945,90180,112125,0,0,0.0,0.0,
14275,PNB,7443968,9552000,16995968,0,0,0.0,0.0,
14275,POLYCAB,160656,745410,906066,0,0,0.0,0.0,
14275,RAMCOCEM,78153,208896,287049,0,0,0.0,0.0,
14275,RBLBANK,997832,1889550,2887382,0,0,0.0,0.0,
14275,RECLTD,1435098,1581920,3017018,0,0,0.0,0.0,
14275,RELIANCE,687120,861689,1546847,0,0,0.0,-1962.5,
14275,SAIL,350070,2300400,2650470,0,0,0.0,0.0,
14275,SBIN,14413602,63743220,78156822,0,0,0.0,0.0,
14275,SIEMENS,481383,1241575,1722959,0,0,0.0,0.0,
14275,SRF,179447,318,179766,0,0,0.0,0.0,
14275,SRTRANSFIN,322597,1939752,2262349,0,0,0.0,0.0,
14275,SUNTV,688975,2446395,3135370,0,0,0.0,0.0,
14275,TATACHEM,343173,905260,1248433,0,0,0.0,0.0,
14275,TATACOMM,226826,347990,574816,0,0,0.0,0.0,
14275,TATACONSUM,223724,970866,1194590,0,0,0.0,0.0,
14275,TATAMOTORS,712993,72689,785682,0,0,0.0,0.0,
14275,TATAPOWER,2329519,7383217,9712737,0,0,0.0,0.0,
14275,TATASTEEL,126378,325847,452225,0,0,0.0,0.0,
14275,TCS,1699485,6967890,8667376,0,0,0.0,0.0,
14275,TECHM,90732,425640,516372,0,0,0.0,0.0,
14275,TITAN,5552533,20299323,25851857,0,0,0.0,0.0,
14275,TORNTPOWER,200838,476640,677478,0,0,0.0,0.0,
14275,TRENT,690595,1063988,1754584,0,0,0.0,0.0,
14275,TVSMOTOR,0,79814,79814,0,0,0.0,0.0,
14275,ULTRACEMCO,72177,298530,370707,0,0,0.0,0.0,
14275,UPL,106080,-57291,48789,0,0,0.0,0.0,
14275,VEDL,103037,210877,313914,0,0,0.0,0.0,
14275,VOLTAS,116116,390985,507101,0,0,0.0,0.0,
14275,WIPRO,380646,1482980,1863626,0,0,0.0,0.0,
14275,ZEEL,844347,1655310,2499657,0,0,0.0,0.0,
20001,ADANIPORTS,38482,113837,152320,0,0,0.0,0.0,
20001,MARUTI,568228,303251,905499,0,0,0.0,34020.0,
20001,SUNTV,25517,19725,45242,0,0,0.0,0.0,
20002,ADANIPORTS,38482,113837,152320,0,0,0.0,0.0,
20002,MARUTI,536660,301701,854631,0,0,0.0,16270.0,
20002,SUNTV,25517,19725,45242,0,0,0.0,0.0,
20004,ADANIPORTS,19241,45106,58410,0,0,0.0,-5937.5,
20004,MARUTI,157841,244168,421749,0,0,0.0,19740.0,
20004,SUNTV,25517,19725,45242,0,0,0.0,0.0,
20006,ADANIPORTS,38482,113837,152320,0,0,0.0,0.0,
20006,MARUTI,568228,302981,904959,0,0,0.0,33750.0,
20006,SUNTV,25517,19725,45242,0,0,0.0,0.0,
20007,RELIANCE,0,4100,7450,0,0,0.0,3350.0,
20008,RELIANCE,0,13350,23025,0,0,0.0,9675.0,
20011,RELIANCE,0,2925,5350,0,0,0.0,2425.0,
20014,MARUTI,157841,135551,308452,0,0,0.0,15060.0,
20014,RELIANCE,0,3000,5500,0,0,0.0,2500.0,
30008,INFY,17174,71244,88418,0,0,0.0,0.0,
30008,NIFTY,0,14280,14280,0,0,0.0,0.0,
30009,INFY,17174,71244,88418,0,0,0.0,0.0,
30504,GNFC,55255,185198,240453,0,0,0.0,0.0,
30504,GODREJPROP,43934,138401,182335,0,0,0.0,0.0,
30504,MCDOWELL-N,58363,150243,208607,0,0,0.0,0.0,
30504,PNB,960512,32320,992832,0,0,0.0,0.0,
30504,RECLTD,61068,202160,263228,0,0,0.0,0.0,
30505,L&TFH,27142,174642,201785,0,0,0.0,0.0,
30505,PEL,15782,43340,59122,0,0,0.0,0.0,
30505,RECLTD,274806,142319,417126,0,0,0.0,0.0,
30506,BANDHANBNK,55225,68544,123769,0,0,0.0,0.0,
30506,ICICIPRULI,94941,77955,172896,0,0,0.0,0.0,
30506,PNB,540288,671520,1513408,0,0,0.0,301600.0,
30518,IRCTC,44204,118895,163099,0,0,0.0,0.0,
30518,PNB,240128,-11520,228608,0,0,0.0,0.0,
30519,PNB,540288,480,540768,0,0,0.0,0.0,
30520,BEL,85505,385548,471053,0,0,0.0,0.0,
30520,IPCALAB,19770,86190,105960,0,0,0.0,0.0,
30520,PNB,600320,60640,660960,0,0,0.0,0.0,
30521,PNB,480256,-44960,435296,0,0,0.0,0.0,
30522,CHAMBLFERT,0,-194175,-296325,0,0,0.0,-102150.0,
30522,COALINDIA,0,97020,144480,0,0,0.0,47460.0,
30522,EICHERMOT,0,-164123,-250320,0,0,0.0,-86196.25,
30522,PNB,360192,17280,377472,0,0,0.0,0.0,
30522,TATAPOWER,26471,54405,78514,0,0,0.0,-2362.5,
30522,TORNTPOWER,0,-314475,-465450,0,0,0.0,-150975.0,
30525,PNB,180096,7840,187936,0,0,0.0,0.0,
30528,BANDHANBNK,13806,4950,18756,0,0,0.0,0.0,
30528,IDEA,0,21000,21000,0,0,0.0,0.0,
30528,IRCTC,22102,11418,33520,0,0,0.0,0.0,
30528,PNB,540288,104640,644928,0,0,0.0,0.0,
30528,TATAMOTORS,43211,102429,145640,0,0,0.0,0.0,
30529,PNB,1020544,-130240,890304,0,0,0.0,0.0,
30529,TATACHEM,36123,11100,45623,0,0,0.0,-1600.0,
30530,PNB,360192,12640,372832,0,0,0.0,0.0,
30531,AMARAJABAT,90510,175400,265910,0,0,0.0,0.0,
30531,ASHOKLEY,104125,598200,702325,0,0,0.0,0.0,
30531,BANDHANBNK,110451,39600,150051,0,0,0.0,0.0,
30531,BATAINDIA,131693,100292,231985,0,0,0.0,0.0,
30531,BIOCON,431548,200491,632039,0,0,0.0,0.0,
30531,IDEA,39445,197400,236845,0,0,0.0,0.0,
30531,IRCTC,66306,199622,265928,0,0,0.0,0.0,
30531,MARUTI,473523,242625,716148,0,0,0.0,0.0,
30531,NTPC,338651,177041,515693,0,0,0.0,0.0,
30531,PNB,1440768,-354240,942528,0,0,0.0,-144000.0,
30531,POLYCAB,0,39825,39825,0,0,0.0,0.0,
30531,TATAPOWER,132359,236182,368541,0,0,0.0,0.0,
30533,AMBUJACEM,0,-304920,-460260,0,0,0.0,-155340.0,
30533,ASHOKLEY,156187,897300,1053487,0,0,0.0,0.0,
30533,BANDHANBNK,110451,39600,150051,0,0,0.0,0.0,
30533,BEL,470281,133152,567523,0,0,0.0,-35910.0,
30533,BIOCON,272556,76636,349192,0,0,0.0,0.0,
30533,COROMANDEL,45097,204862,249959,0,0,0.0,0.0,
30533,GODREJPROP,73223,200014,273238,0,0,0.0,0.0,
30533,IDEA,39445,197400,236845,0,0,0.0,0.0,
30533,MARUTI,31568,138095,169663,0,0,0.0,0.0,
30533,NIFTY,0,57800,57800,0,0,0.0,0.0,
30533,PEL,23673,75982,99655,0,0,0.0,0.0,
30533,PNB,1140608,-9440,1131168,0,0,0.0,0.0,
30533,TATACHEM,54185,315030,369215,0,0,0.0,0.0,
30533,TATAMOTORS,86423,260775,347198,0,0,0.0,0.0,
30533,TORNTPOWER,0,0,0,0,0,0.0,0.0,
30533,TRENT,109041,243716,352757,0,0,0.0,0.0,
30535,AMBUJACEM,320156,489510,809666,0,0,0.0,0.0,
30535,CHAMBLFERT,286382,212040,498422,0,0,0.0,0.0,
30535,GODREJPROP,87868,246148,334016,0,0,0.0,0.0,
30535,PAGEIND,297570,125375,422946,0,0,0.0,0.0,
30535,PNB,1320704,-295520,1025183,0,0,0.0,0.0,
30535,TATACHEM,144494,279020,423514,0,0,0.0,0.0,
30535,TORNTPOWER,258221,41325,299546,0,0,0.0,0.0,
30536,PNB,60032,-244800,-318368,0,0,0.0,-133600.0,
30537,PNB,180096,12960,193056,0,0,0.0,0.0,
30538,BANDHANBNK,13806,46169,59976,0,0,0.0,0.0,
30538,COFORGE,20710,79593,103550,0,0,0.0,3247.5,
30538,IRCTC,44204,101605,134740,0,0,0.0,-11068.75,
30538,ZEEL,27237,57450,84687,0,0,0.0,0.0,
30539,PNB,420224,-5600,414624,0,0,0.0,0.0,
40026,AXISBANK,37285,185592,222877,0,0,0.0,0.0,
40026,BHARATFORG,59293,322160,381453,0,0,0.0,0.0,
40026,CUMMINSIND,57928,259776,317704,0,0,0.0,0.0,
40026,LTTS,27200,161718,188918,0,0,0.0,0.0,
40026,TATAMOTORS,129635,826329,955964,0,0,0.0,0.0,
40026,TATAPOWER,158830,962685,1121515,0,0,0.0,0.0,
40046,NIFTY,740510,744180,1484690,0,0,0.0,0.0,
40053,NIFTY,251773,1183614,1435388,0,0,0.0,0.0,
40077,NIFTY,0,154012,154012,0,0,0.0,0.0,
40087,NIFTY,0,266597,376595,0,0,0.0,109997.5,
40089A,ADANIENT,2116346,13267225,15383571,0,0,0.0,0.0,
40089A,ADANIPORTS,1231440,6777600,8009040,0,0,0.0,0.0,
40089A,AMBUJACEM,1707501,15607295,17314797,0,0,0.0,0.0,
40089A,BANKNIFTY,15538697,44893376,60839697,0,0,0.0,407622.5,
40089A,COROMANDEL,0,0,0,0,0,0.0,0.0,
40089A,HINDUNILVR,1172301,1141404,2313705,0,0,0.0,0.0,
40089A,LAURUSLABS,0,0,0,0,0,0.0,0.0,
40089A,LTI,518521,2974110,3492631,0,0,0.0,0.0,
40089A,NAUKRI,69205,438345,507550,0,0,0.0,0.0,
40089A,POLYCAB,0,0,0,0,0,0.0,0.0,
40089A,TITAN,1158197,866490,2024687,0,0,0.0,0.0,
40102,BANKNIFTY,2750972,858348,3515780,0,0,0.0,-93541.25,
40103,SAIL,262552,1730700,1993252,0,0,0.0,0.0,
40103A,HINDCOPPER,189720,1433663,1623383,0,0,0.0,0.0,
40103A,JINDALSTEL,341775,2373187,2714962,0,0,0.0,0.0,
40103A,PNB,900480,2949600,3850080,0,0,0.0,0.0,
40103A,TATAPOWER,264718,1604475,1869193,0,0,0.0,0.0,
40130,AXISBANK,22184872,109963140,132148012,0,0,0.0,0.0,
40130,BIOCON,22713,114701,137414,0,0,0.0,0.0,
40130,ICICIBANK,10610652,44644875,55255527,0,0,0.0,0.0,
40130,INFY,858716,3562200,4420916,0,0,0.0,0.0,
40130,SBIN,14445490,63866205,78311695,0,0,0.0,0.0,
40130,WIPRO,338352,1456320,1794672,0,0,0.0,0.0,
40130AA,BANKNIFTY,515807,1076510,1592317,0,0,0.0,0.0,
40130AB,BANKNIFTY,515807,1076510,1592317,0,0,0.0,0.0,
40130AC,BANKNIFTY,515807,1076510,1592317,0,0,0.0,0.0,
40130AD,BANKNIFTY,515807,1076510,1592317,0,0,0.0,0.0,
40130AE,BANKNIFTY,515807,1076510,1592317,0,0,0.0,0.0,
40130AF,BANKNIFTY,515807,1076510,1592317,0,0,0.0,0.0,
40130AG,BANKNIFTY,515807,1076510,1592317,0,0,0.0,0.0,
40130AH,BANKNIFTY,515807,1076510,1592317,0,0,0.0,0.0,
40130AI,BANKNIFTY,515807,1076510,1592317,0,0,0.0,0.0,
40130AJ,BANKNIFTY,515807,1076510,1592317,0,0,0.0,0.0,
40130AK,BANKNIFTY,515807,1076510,1592317,0,0,0.0,0.0,
40130B,BANKNIFTY,515807,1076510,1592317,0,0,0.0,0.0,
40130C,BANKNIFTY,515807,1076510,1592317,0,0,0.0,0.0,
40130D,BANKNIFTY,515807,1076510,1592317,0,0,0.0,0.0,
40130E,BANKNIFTY,515807,1076510,1592317,0,0,0.0,0.0,
40130F,BANKNIFTY,515807,1076510,1592317,0,0,0.0,0.0,
40130G,BANKNIFTY,515807,1076510,1592317,0,0,0.0,0.0,
40130H,BANKNIFTY,515807,1076510,1592317,0,0,0.0,0.0,
40130I,BANKNIFTY,515807,1076510,1592317,0,0,0.0,0.0,
40130J,BANKNIFTY,515807,1076510,1592317,0,0,0.0,0.0,
40130K,BANKNIFTY,515807,1076510,1592317,0,0,0.0,0.0,
40130L,BANKNIFTY,515807,1076510,1592317,0,0,0.0,0.0,
40130N,BANKNIFTY,515807,1076510,1592317,0,0,0.0,0.0,
40130O,BANKNIFTY,515807,1076510,1592317,0,0,0.0,0.0,
40130P,BANKNIFTY,515807,1076510,1592317,0,0,0.0,0.0,
40130R,BANKNIFTY,515807,1076510,1592317,0,0,0.0,0.0,
40130S,BANKNIFTY,515807,1076510,1592317,0,0,0.0,0.0,
40130T,BANKNIFTY,515807,1076510,1592317,0,0,0.0,0.0,
40130U,BANKNIFTY,515807,1076510,1592317,0,0,0.0,0.0,
40130V,BANKNIFTY,515807,1076510,1592317,0,0,0.0,0.0,
40130W,BANKNIFTY,515807,1076510,1592317,0,0,0.0,0.0,
40130X,BANKNIFTY,515807,1076510,1592317,0,0,0.0,0.0,
40130Y,BANKNIFTY,515807,1076510,1592317,0,0,0.0,0.0,
40130Z,BANKNIFTY,515807,1076510,1592317,0,0,0.0,0.0,
40134A,ADANIPORTS,153930,847200,1001130,0,0,0.0,0.0,
40134A,AMBUJACEM,106718,975455,1082174,0,0,0.0,0.0,
40134A,GMRINFRA,32051,192600,224651,0,0,0.0,0.0,
40134A,HINDUNILVR,11216797,16676946,27893743,0,0,0.0,0.0,
40134A,IBULHSGFIN,241762,906000,1147762,0,0,0.0,0.0,
40134A,MCDOWELL-N,58363,278681,337044,0,0,0.0,0.0,
40134A,NIFTY,7145921,5337118,12592314,0,0,0.0,109275.0,
40134A,RECLTD,30534,134640,165174,0,0,0.0,0.0,
40134A,TITAN,9197448,26938777,36136226,0,0,0.0,0.0,
40134AB,ACC,65815,298177,363992,0,0,0.0,0.0,
40134AB,ADANIPORTS,76965,423600,500565,0,0,0.0,0.0,
40134AB,AMBUJACEM,106718,975455,1082174,0,0,0.0,0.0,
40134AB,AUBANK,89285,535840,625125,0,0,0.0,0.0,
40134AB,BAJFINANCE,59040,317387,376428,0,0,0.0,0.0,
40134AB,BANKNIFTY,128951,775674,904625,0,0,0.0,0.0,
40134AB,BHARTIARTL,168946,684114,853060,0,0,0.0,0.0,
40134AB,DELTACORP,26655,132020,158675,0,0,0.0,0.0,
40134AB,HDFCBANK,31139,125999,157139,0,0,0.0,0.0,
40134AB,IDFCFIRSTB,30476,189750,220226,0,0,0.0,0.0,
40134AB,ITC,38113,155712,193825,0,0,0.0,0.0,
40134AB,L&TFH,27142,175267,202409,0,0,0.0,0.0,
40134AB,LTI,77778,446116,523894,0,0,0.0,0.0,
40134AB,MCDOWELL-N,38909,185787,224696,0,0,0.0,0.0,
40134AB,METROPOLIS,30371,193367,223739,0,0,0.0,0.0,
40134AB,MFSL,106020,553780,659801,0,0,0.0,0.0,
40134AB,MRF,62933,290962,353896,0,0,0.0,0.0,
40134AB,NAVINFLUOR,68537,377343,445880,0,0,0.0,0.0,
40134AB,NIFTY,833073,3916372,4749446,0,0,0.0,0.0,
40134AB,OBEROIRLTY,109576,669795,779371,0,0,0.0,0.0,
40134AB,PEL,23673,156106,179779,0,0,0.0,0.0,
40134AB,SBIN,127554,563940,691494,0,0,0.0,0.0,
40134AB,SRF,89723,491411,581135,0,0,0.0,0.0,
40134AB,TATAPOWER,211774,1283580,1495354,0,0,0.0,0.0,
40134AB,TCS,17795,72829,90625,0,0,0.0,0.0,
40134AB,TITAN,1430714,6423637,7854351,0,0,0.0,0.0,
40141,GLENMARK,1098277,5709888,6808165,0,0,0.0,0.0,
40155,ABCAPITAL,25571,149040,174611,0,0,0.0,0.0,
40155,CONCOR,26703,143460,170163,0,0,0.0,0.0,
40155,IDEA,118335,1142400,1260735,0,0,0.0,0.0,
40155,ONGC,56817,325710,382527,0,0,0.0,0.0,
40171,ACC,789783,3578130,4367913,0,0,0.0,0.0,
40171,ADANIPORTS,1115992,4294350,5410342,0,0,0.0,0.0,
40171,AMBUJACEM,5407088,48692700,54099788,0,0,0.0,0.0,
40171,BAJFINANCE,236162,463250,699412,0,0,0.0,0.0,
40171,BANKNIFTY,171935,115114,287049,0,0,0.0,0.0,
40171,JUBLFOOD,24335,59900,84235,0,0,0.0,0.0,
40171,MARUTI,220977,335420,556397,0,0,0.0,0.0,
40171,NIFTY,0,378450,378450,0,0,0.0,0.0,
40171,SUNTV,484834,2282775,2767609,0,0,0.0,0.0,
40176,ADANIPORTS,615720,3388800,4004520,0,0,0.0,0.0,
40177,ADANIENT,68269,427975,496244,0,0,0.0,0.0,
40177,ADANIPORTS,76965,423600,500565,0,0,0.0,0.0,
40177,AXISBANK,74571,371184,445755,0,0,0.0,0.0,
40177,FINNIFTY,0,1620,1620,0,0,0.0,0.0,
40177,HDFC,281541,1225440,1506981,0,0,0.0,0.0,
40177,HDFCBANK,93419,377998,471417,0,0,0.0,0.0,
40177,ICICIBANK,134312,567971,702283,0,0,0.0,0.0,
40177,INFY,171743,712440,884183,0,0,0.0,0.0,
40177,MARUTI,147318,315634,462952,0,0,0.0,0.0,
40177,NIFTY,1740198,8244505,9984703,0,0,0.0,0.0,
40177,RELIANCE,366464,1612680,1979144,0,0,0.0,0.0,
40177,TATAMOTORS,907445,1597596,2505041,0,0,0.0,0.0,
40177,TATAPOWER,317661,1925370,2243031,0,0,0.0,0.0,
40177,TCS,462687,1893567,2356254,0,0,0.0,0.0,
40177,TITAN,749421,749962,1499384,0,0,0.0,0.0,
40177C,FINNIFTY,0,41314,41314,0,0,0.0,0.0,
40177C,NIFTY,37025,45876,82901,0,0,0.0,0.0,
40177E,FINNIFTY,399711,1244356,1751813,0,0,0.0,107746.0,
40177E,NIFTY,0,170292,233365,0,0,0.0,63072.5,
40177F,BANKNIFTY,8596789,3709160,12305950,0,0,0.0,0.0,
40177F,FINNIFTY,2767233,1477200,4244433,0,0,0.0,0.0,
40177F,NIFTY,3110142,3929682,7039824,0,0,0.0,0.0,
40177N,BANKNIFTY,0,438780,438780,0,0,0.0,0.0,
40177N,FINNIFTY,445832,1220024,1665856,0,0,0.0,0.0,
40177R,BANKNIFTY,2321133,5718406,8039539,0,0,0.0,0.0,
40177R,FINNIFTY,0,189616,189616,0,0,0.0,0.0,
40177R,NIFTY,111076,137628,248704,0,0,0.0,0.0,
40189,NIFTY,0,7850,7850,0,0,0.0,0.0,
40214,BPCL,61321,284634,345955,0,0,0.0,0.0,
40214,INFY,34348,142488,176836,0,0,0.0,0.0,
40218,ABCAPITAL,51143,298080,349223,0,0,0.0,0.0,
40218,ADANIPORTS,1346887,4385862,5732750,0,0,0.0,0.0,
40218,AMBUJACEM,35572,225197,260770,0,0,0.0,0.0,
40218,APOLLOTYRE,179585,474530,654115,0,0,0.0,0.0,
40218,ASHOKLEY,78093,450300,528393,0,0,0.0,0.0,
40218,ASIANPAINT,261084,881158,1142242,0,0,0.0,0.0,
40218,AXISBANK,74571,221616,220347,0,0,0.0,-75840.0,
40218,BAJAJ-AUTO,63704,163050,226754,0,0,0.0,0.0,
40218,BANKBARODA,171836,653386,825222,0,0,0.0,0.0,
40218,BANKNIFTY,3223796,1214243,4459980,0,0,0.0,21941.25,
40218,BEL,64129,195624,259753,0,0,0.0,0.0,
40218,BHARATFORG,474348,1712400,2186748,0,0,0.0,0.0,
40218,BHEL,180699,70665,251364,0,0,0.0,0.0,
40218,BPCL,20440,94878,115318,0,0,0.0,0.0,
40218,CUMMINSIND,173785,384480,558265,0,0,0.0,0.0,
40218,DRREDDY,57987,53913,111901,0,0,0.0,0.0,
40218,EICHERMOT,209113,771305,980419,0,0,0.0,0.0,
40218,FEDERALBNK,92785,194349,287135,0,0,0.0,0.0,
40218,GNFC,27627,212433,240060,0,0,0.0,0.0,
40218,GUJGASLTD,86117,225075,311192,0,0,0.0,0.0,
40218,HAL,623817,1601911,2225729,0,0,0.0,0.0,
40218,HDFCBANK,560515,1509937,2070452,0,0,0.0,0.0,
40218,HINDALCO,82897,316318,399216,0,0,0.0,0.0,
40218,ICICIBANK,89541,223588,313130,0,0,0.0,0.0,
40218,IEX,118400,282750,401150,0,0,0.0,0.0,
40218,INDHOTEL,453279,821372,1274652,0,0,0.0,0.0,
40218,INDUSINDBK,243058,585976,829035,0,0,0.0,0.0,
40218,INFY,377835,839010,1216845,0,0,0.0,0.0,
40218,IRCTC,44204,165287,209491,0,0,0.0,0.0,
40218,ITC,876612,1599872,2476484,0,0,0.0,0.0,
40218,KOTAKBANK,53995,139824,193819,0,0,0.0,0.0,
40218,M&M,556012,1365791,1921803,0,0,0.0,0.0,
40218,MARUTI,820774,2145798,2966572,0,0,0.0,0.0,
40218,NTPC,67730,122550,190280,0,0,0.0,0.0,
40218,ONGC,37878,98175,136053,0,0,0.0,0.0,
40218,PNB,120064,48640,168704,0,0,0.0,0.0,
40218,RELIANCE,412272,747005,1134027,0,0,0.0,-25250.0,
40218,SBIN,542104,1919955,2462059,0,0,0.0,0.0,
40218,SUNPHARMA,354610,874993,1229603,0,0,0.0,0.0,
40218,TATACOMM,136095,368240,504335,0,0,0.0,0.0,
40218,TATAMOTORS,2419855,9996717,12416572,0,0,0.0,0.0,
40218,TATAPOWER,1985385,7815521,9800907,0,0,0.0,0.0,
40218,TATASTEEL,63189,95880,159069,0,0,0.0,0.0,
40218,TCS,195752,563157,758909,0,0,0.0,0.0,
40218,TITAN,306581,756382,1062964,0,0,0.0,0.0,
40218,TORNTPOWER,114765,271380,386145,0,0,0.0,0.0,
40218,TVSMOTOR,228757,502733,731490,0,0,0.0,0.0,
40218,UPL,176801,272077,448878,0,0,0.0,0.0,
40218,VEDL,274765,1014506,1289271,0,0,0.0,0.0,
40218,WIPRO,14098,60680,74778,0,0,0.0,0.0,
40218,ZEEL,108948,515460,624408,0,0,0.0,0.0,
40254A,AXISBANK,298284,747552,1045836,0,0,0.0,0.0,
40254A,BALRAMCHIN,63109,445632,508741,0,0,0.0,0.0,
40254A,DLF,45807,153681,199488,0,0,0.0,0.0,
40254A,HDFC,28154,121962,150116,0,0,0.0,0.0,
40254A,HDFCBANK,31139,125999,157139,0,0,0.0,0.0,
40254A,SBIN,127554,317520,445074,0,0,0.0,0.0,
40254A,TCS,17795,39521,57317,0,0,0.0,0.0,
40254A,WIPRO,14098,13150,27248,0,0,0.0,0.0,
40256,BANKNIFTY,3868555,1620000,5488555,0,0,0.0,0.0,
40258,ESCORTS,88101,482196,570297,0,0,0.0,0.0,
40267,NIFTY,0,75690,75690,0,0,0.0,0.0,
40268,ADANIPORTS,115447,635400,750847,0,0,0.0,0.0,
40276,ITC,0,48000,48000,0,0,0.0,0.0,
40277,BANKNIFTY,429839,2136421,2566260,0,0,0.0,0.0,
40277,NIFTY,111076,447603,558679,0,0,0.0,0.0,
40280,POLYCAB,107104,534768,641872,0,0,0.0,0.0,
40282,ADANIPORTS,904338,4837368,5741707,0,0,0.0,0.0,
40282,GAIL,59726,285846,345572,0,0,0.0,0.0,
40282,GUJGASLTD,86117,325362,411480,0,0,0.0,0.0,
40282,SAIL,87517,576900,664417,0,0,0.0,0.0,
40282,TATAMOTORS,129635,822339,951974,0,0,0.0,0.0,
40282,TATASTEEL,63189,378420,441609,0,0,0.0,0.0,
40282,TCS,88978,364147,453125,0,0,0.0,0.0,
40284,BANKNIFTY,14700510,-1023,14552150,0,0,0.0,-147337.5,
40284,COROMANDEL,90194,409724,499918,0,0,0.0,0.0,
40284,KOTAKBANK,134988,562040,697028,0,0,0.0,0.0,
40284,LT,21658,88632,110290,0,0,0.0,0.0,
40284,MARUTI,31568,138095,169663,0,0,0.0,0.0,
40284,NIFTY,16198656,8846107,25194913,0,0,0.0,150150.0,
40293,NIFTY,5924080,6203650,12127730,0,0,0.0,0.0,
40294,TORNTPOWER,28691,136635,165326,0,0,0.0,0.0,
40301,TATAPOWER,52943,320895,373838,0,0,0.0,0.0,
40309,IDFCFIRSTB,30476,190350,220826,0,0,0.0,0.0,
40312,ABB,108179,564990,673169,0,0,0.0,0.0,
40312,BANKNIFTY,1074598,2889923,3944986,0,0,0.0,-19536.25,
40312,HINDALCO,480804,719196,1200000,0,0,0.0,0.0,
40312,RBLBANK,315105,1339100,1654205,0,0,0.0,0.0,
40312,TITAN,170323,463256,633579,0,0,0.0,0.0,
40354A,AUROPHARMA,48725,268680,317405,0,0,0.0,0.0,
40354A,BPCL,61321,284634,345955,0,0,0.0,0.0,
40354A,GMRINFRA,64102,385200,449302,0,0,0.0,0.0,
40354A,HDFCAMC,158976,731157,890133,0,0,0.0,0.0,
40354A,HDFCLIFE,271009,1180080,1451089,0,0,0.0,0.0,
40354A,HINDALCO,49738,315372,365111,0,0,0.0,0.0,
40354A,MANAPPURAM,47544,299760,347304,0,0,0.0,0.0,
40354A,SRTRANSFIN,80649,484938,565587,0,0,0.0,0.0,
40354A,TATAMOTORS,86423,548226,634649,0,0,0.0,0.0,
40354A,TATAPOWER,52943,320895,373838,0,0,0.0,0.0,
40354A,ULTRACEMCO,481180,2000260,2481440,0,0,0.0,0.0,
40354A,VOLTAS,29029,140370,169399,0,0,0.0,0.0,
40362,BANKNIFTY,5673881,11936364,17610245,0,0,0.0,0.0,
40362A,BANKNIFTY,11261794,23887211,35149005,0,0,0.0,0.0,
40362A,MARUTI,6313650,6715200,13028850,0,0,0.0,0.0,
40366,BAJFINANCE,354243,1904325,2258568,0,0,0.0,0.0,
40366,BANDHANBNK,248516,1693224,1941740,0,0,0.0,0.0,
40366,CANFINHOME,18587,113811,132399,0,0,0.0,0.0,
40366,COFORGE,683436,4436289,5119725,0,0,0.0,0.0,
40366,DELTACORP,239900,1188180,1428080,0,0,0.0,0.0,
40366,INTELLECT,361142,2734200,3095342,0,0,0.0,0.0,
40366,TECHM,181465,847536,1029001,0,0,0.0,0.0,
40368,DLF,45807,272877,318684,0,0,0.0,0.0,
40371,BANKNIFTY,1869801,409633,2279434,0,0,0.0,0.0,
40371,HCLTECH,110563,445900,556463,0,0,0.0,0.0,
40371,HDFC,563083,2450880,3013963,0,0,0.0,0.0,
40371,HDFCBANK,93419,376084,469503,0,0,0.0,0.0,
40371,INFY,34348,141774,176122,0,0,0.0,0.0,
40371,KOTAKBANK,107990,449632,557622,0,0,0.0,0.0,
40371,RELIANCE,91616,147610,239226,0,0,0.0,0.0,
40371,TCS,373708,1358455,1732164,0,0,0.0,0.0,
40371,TECHM,90732,425640,516372,0,0,0.0,0.0,
40371,ULTRACEMCO,72177,300039,372216,0,0,0.0,0.0,
40372,ACC,87753,397570,485323,0,0,0.0,0.0,
40372,BAJFINANCE,236162,1269550,1505712,0,0,0.0,0.0,
40372,HDFCBANK,124559,503998,628557,0,0,0.0,0.0,
40372,HINDUNILVR,186502,759297,945799,0,0,0.0,0.0,
40372,HONAUT,66774,308303,375078,0,0,0.0,0.0,
40372,KOTAKBANK,188983,786856,975839,0,0,0.0,0.0,
40372,MRF,314666,1454814,1769480,0,0,0.0,0.0,
40372,NAUKRI,138411,876690,1015101,0,0,0.0,0.0,
40372,SBIN,63777,283290,347067,0,0,0.0,0.0,
40376,ADANIPORTS,307860,1694400,2002260,0,0,0.0,0.0,
40376,SAIL,122524,807660,930184,0,0,0.0,0.0,
40376,TATAMOTORS,1555621,9868068,11423689,0,0,0.0,0.0,
40376,TCS,88978,364147,453125,0,0,0.0,0.0,
40377,RAIN,87489,641340,728829,0,0,0.0,0.0,
40384,ADANIENT,750961,4707725,5458686,0,0,0.0,0.0,
40384,SIEMENS,267435,1122577,1390012,0,0,0.0,0.0,
40384,SRTRANSFIN,322597,1933200,2255797,0,0,0.0,0.0,
40385,TATAPOWER,52943,320895,373838,0,0,0.0,0.0,
40388,BANKNIFTY,42983,258558,301541,0,0,0.0,0.0,
40388,HDFCAMC,90843,417804,508647,0,0,0.0,0.0,
40388,HDFCBANK,124559,501446,626005,0,0,0.0,0.0,
40388,HDFCLIFE,271009,866305,1137314,0,0,0.0,0.0,
40388,ICICIPRULI,498440,814950,1313390,0,0,0.0,0.0,
40388,KOTAKBANK,377966,1573712,1951678,0,0,0.0,0.0,
40395,NIFTY,55538,261091,316629,0,0,0.0,0.0,
40395,TCS,35591,145659,181250,0,0,0.0,0.0,
40397,TCS,17795,72829,90625,0,0,0.0,0.0,
40398,ADANIPORTS,76965,178225,255190,0,0,0.0,0.0,
40398,BHARATFORG,29646,86860,116506,0,0,0.0,0.0,
40398,BPCL,40880,71532,112412,0,0,0.0,0.0,
40398,IBULHSGFIN,48352,83200,131552,0,0,0.0,0.0,
40398,TATAMOTORS,64817,193885,258703,0,0,0.0,0.0,
40398,ZEEL,27237,113549,140787,0,0,0.0,0.0,
40400,BANKNIFTY,21491,129279,150770,0,0,0.0,0.0,
40400,NIFTY,37025,175415,212440,0,0,0.0,0.0,
40400A,ACC,87753,395730,483483,0,0,0.0,0.0,
40400A,BAJFINANCE,236162,1264600,1500762,0,0,0.0,0.0,
40400A,BANKNIFTY,21491,130063,151555,0,0,0.0,0.0,
40400A,HDFCBANK,124559,501446,626005,0,0,0.0,0.0,
40400A,HINDUNILVR,186502,755433,941935,0,0,0.0,0.0,
40400A,HONAUT,66774,309659,376434,0,0,0.0,0.0,
40400A,KOTAKBANK,188983,782936,971919,0,0,0.0,0.0,
40400A,MRF,314666,1461491,1776157,0,0,0.0,0.0,
40400A,NAUKRI,138411,873810,1012221,0,0,0.0,0.0,
40400A,NIFTY,37025,174061,211086,0,0,0.0,0.0,
40400A,SBIN,63777,281970,345747,0,0,0.0,0.0,
40405,BANKNIFTY,12035506,2716700,14752206,0,0,0.0,0.0,
40405,NIFTY,11107650,13804080,24911730,0,0,0.0,0.0,
40417,BALRAMCHIN,252436,1782528,2034964,0,0,0.0,0.0,
40417,IEX,98667,572250,670917,0,0,0.0,0.0,
40418,BANKNIFTY,2579037,5932500,8511537,0,0,0.0,0.0,
40419,BAJFINANCE,915129,4919506,5834635,0,0,0.0,0.0,
40419,ITC,76227,311424,387651,0,0,0.0,0.0,
40419,NIFTY,1332918,951012,2283930,0,0,0.0,0.0,
40419,TATAPOWER,52943,320895,373838,0,0,0.0,0.0,
40429,NIFTY,0,11535,11535,0,0,0.0,0.0,
40431,DALBHARAT,30487,176725,207212,0,0,0.0,0.0,
40431,HDFCBANK,31139,125999,157139,0,0,0.0,0.0,
40431,INFY,17174,71244,88418,0,0,0.0,0.0,
40431,SBIN,31888,141645,173533,0,0,0.0,0.0,
41022,BAJAJFINSV,285897,1565000,1850897,0,0,0.0,0.0,
41022,BAJFINANCE,236162,1269550,1505712,0,0,0.0,0.0,
41022,CANBK,30887,198126,229013,0,0,0.0,0.0,
41022,HINDCOPPER,17247,130333,147580,0,0,0.0,0.0,
41022,IDFCFIRSTB,30476,190350,220826,0,0,0.0,0.0,
41022,NESTLEIND,54682,225931,280613,0,0,0.0,0.0,
41022,NIFTY,370255,1740610,2110865,0,0,0.0,0.0,
41134,ADANIPORTS,153930,847200,1001130,0,0,0.0,0.0,
41134,AXISBANK,37285,184812,222097,0,0,0.0,0.0,
41134,BANKBARODA,206203,547794,753997,0,0,0.0,0.0,
41134,BHEL,180699,429240,609939,0,0,0.0,0.0,
41134,BSOFT,26744,176228,202972,0,0,0.0,0.0,
41134,COALINDIA,272126,1367520,1639646,0,0,0.0,0.0,
41134,GAIL,89589,428769,518358,0,0,0.0,0.0,
41134,GUJGASLTD,215293,1252875,1468168,0,0,0.0,0.0,
41134,HDFCLIFE,22584,98340,120924,0,0,0.0,0.0,
41134,IDEA,197225,1904000,2101225,0,0,0.0,0.0,
41134,IDFCFIRSTB,60952,380700,441652,0,0,0.0,0.0,
41134,IEX,78933,457800,536733,0,0,0.0,0.0,
41134,INDIAMART,68978,458473,527452,0,0,0.0,0.0,
41134,L&TFH,81427,525802,607229,0,0,0.0,0.0,
41134,MCX,21851,125348,147199,0,0,0.0,0.0,
41134,NATIONALUM,134589,919020,1053609,0,0,0.0,0.0,
41134,PNB,180096,589920,770016,0,0,0.0,0.0,
41134,SAIL,140028,923040,1063068,0,0,0.0,0.0,
41134,SBIN,127554,264540,392094,0,0,0.0,0.0,
41134,TATAMOTORS,496934,3152299,3649234,0,0,0.0,0.0,
41134,TATAPOWER,714738,3608820,4323558,0,0,0.0,0.0,
41134,TATASTEEL,31594,189210,220804,0,0,0.0,0.0,
41134,TCS,2028705,8302562,10331268,0,0,0.0,0.0,
50001,ABFRL,0,48490,27040,0,0,0.0,-21450.0,
50001,GODREJPROP,0,61100,73823,0,0,0.0,12723.75,
50001,INDUSINDBK,0,320850,320850,0,0,0.0,0.0,
50001,IRCTC,287326,103818,367695,0,0,0.0,-23450.0,
50001,JUBLFOOD,0,47250,47250,0,0,0.0,0.0,
50001,M&MFIN,0,62400,62400,0,0,0.0,0.0,
50001,MFSL,0,360360,615907,0,0,0.0,255547.5,
50001,TATAPOWER,0,60243,60243,0,0,0.0,0.0,
50001,ZEEL,0,445500,445500,0,0,0.0,0.0,
50002,ABCAPITAL,0,283500,425250,0,0,0.0,141750.0,
50002,COALINDIA,0,245490,353220,0,0,0.0,107730.0,
50002,ESCORTS,836964,677858,1476350,0,0,0.0,-38472.5,
50002,INDUSINDBK,0,453622,684495,0,0,0.0,230872.5,
50003,BANKNIFTY,1031614,2664075,3731743,0,0,0.0,36053.75,
50003,GMRINFRA,32051,77400,108326,0,0,0.0,-1125.0,
50003,HINDCOPPER,0,222955,325510,0,0,0.0,102555.0,
50003,MANAPPURAM,95088,291360,386448,0,0,0.0,0.0,
50003,NIFTY,166614,317956,494613,0,0,0.0,10042.5,
50003,PNB,360192,204640,564832,0,0,0.0,0.0,
50006A,BANKNIFTY,1719358,1443963,3163321,0,0,0.0,0.0,
50006A,NIFTY,3517422,2113250,5630672,0,0,0.0,0.0,
50006A,TATACHEM,36123,210020,246143,0,0,0.0,0.0,
50006A,TCS,35591,145659,181250,0,0,0.0,0.0,
50010,BHEL,1897347,1061865,3057912,0,0,0.0,98700.00000000001,
50010,INDUSINDBK,0,282712,428737,0,0,0.0,146025.0,
50010,RECLTD,274806,100800,375606,0,0,0.0,0.0,
50010,ZEEL,0,134550,199350,0,0,0.0,64800.0,
50014,ABFRL,0,33150,33150,0,0,0.0,0.0,
50014,BHEL,271049,-5355,298769,0,0,0.0,33074.999999999985,
50014,HDFCBANK,0,159060,159060,0,0,0.0,0.0,
50014,INDHOTEL,0,37806,37806,0,0,0.0,0.0,
50014,INDUSINDBK,74787,163548,238335,0,0,0.0,0.0,
50014,RECLTD,0,90000,98800,0,0,0.0,8800.0,
50016,ALKEM,85913,352016,437929,0,0,0.0,0.0,
50016,PNB,1200640,338240,1538880,0,0,0.0,0.0,
50016,SIEMENS,26743,124525,151269,0,0,0.0,0.0,
50019,DELTACORP,0,0,0,0,0,0.0,0.0,
50019,PNB,1080576,877280,2178656,0,0,0.0,220800.0,
50023,ABFRL,0,14950,23400,0,0,0.0,8450.0,
50023,INDHOTEL,45327,2815,42713,0,0,0.0,-5429.700000000001,
50023,INTELLECT,0,15112,22650,0,0,0.0,7537.5,
50030,ABCAPITAL,102286,256662,341668,0,0,0.0,-17280.0,
50030,ADANIENT,1672596,2100392,3762814,0,0,0.0,-10175.0,
50030,ESCORTS,0,-1097690,-1616230,0,0,0.0,-518540.0,
50030,INDUSINDBK,56090,164916,221006,0,0,0.0,0.0,
50030,RECLTD,0,145600,204800,0,0,0.0,59200.0,
50034,BSOFT,26744,173771,251540,0,0,0.0,51025.0,
50034,IBULHSGFIN,580230,616600,1338830,0,0,0.0,142000.0,
50034,IRCTC,88408,66062,154470,0,0,0.0,0.0,
50034,PEL,7891,23394,25675,0,0,0.0,-5610.0,
50034,PNB,360192,280640,640832,0,0,0.0,0.0,
50034,SRF,29907,205800,320776,0,0,0.0,85068.75,
50034,TRENT,36347,190479,274350,0,0,0.0,47523.75,
50035,ABCAPITAL,0,113400,113400,0,0,0.0,0.0,
50035,BHEL,0,203700,308175,0,0,0.0,104475.0,
50035,RELIANCE,0,93000,93000,0,0,0.0,0.0,
50035,TATAPOWER,0,94500,94500,0,0,0.0,0.0,
50043,TATAMOTORS,0,60491,95118,0,0,0.0,34627.5,
50045,IRCTC,0,40031,42000,0,0,0.0,1968.75,
50045,TATAMOTORS,0,40327,63412,0,0,0.0,23085.0,
50046,PNB,0,-602400,-895200,0,0,0.0,-292800.0,
50048,ABCAPITAL,358003,276750,621793,0,0,0.0,-12960.0,
50048,BHEL,0,-965475,-1464750,0,0,0.0,-499275.0,
50048,HDFCLIFE,0,15730,15730,0,0,0.0,0.0,
50048,INDHOTEL,0,47660,57313,0,0,0.0,9652.8,
50048,INDUSINDBK,0,19035,19035,0,0,0.0,0.0,
50048,JUBLFOOD,0,10500,10500,0,0,0.0,0.0,
50048,LICHSGFIN,0,20800,32000,0,0,0.0,11200.0,
50048,TATAPOWER,0,21262,21262,0,0,0.0,0.0,
50052,ADANIENT,0,30110,22310,0,0,0.0,-7800.0,
50052,ALKEM,42956,176008,218964,0,0,0.0,0.0,
50052,BANKNIFTY,0,39780,71180,0,0,0.0,31400.0,
50052,CONCOR,0,56950,41700,0,0,0.0,-15250.0,
50052,ESCORTS,0,-254237,-379775,0,0,0.0,-125537.5,
50054,BHEL,361399,145530,514279,0,0,0.0,7350.0,
50054,INDHOTEL,0,28355,28355,0,0,0.0,0.0,
50054,INDUSINDBK,0,19035,19035,0,0,0.0,0.0,
50054,LICHSGFIN,0,18900,18900,0,0,0.0,0.0,
50054,TATAPOWER,0,10631,10631,0,0,0.0,0.0,
50061,BHEL,0,-395325,-565425,0,0,0.0,-170100.0,
50061,TATAPOWER,0,-4725,-6918,0,0,0.0,-2193.750000000002,
50062,APOLLOTYRE,323253,1103445,1912323,0,0,0.0,485625.0,
50062,HDFCAMC,0,40995,30855,0,0,0.0,-10140.0,
50062,IBULHSGFIN,0,127400,196000,0,0,0.0,68600.0,
50063,BHEL,271049,-431760,-519810,0,0,0.0,-359100.0,
50063,COALINDIA,0,100380,155400,0,0,0.0,55020.0,
50064,CONCOR,0,36750,63300,0,0,0.0,26550.0,
50064,HDFCLIFE,0,24200,24200,0,0,0.0,0.0,
50064,INDHOTEL,0,56710,56710,0,0,0.0,0.0,
50064,INDUSINDBK,0,23265,23265,0,0,0.0,0.0,
50064,JUBLFOOD,0,18000,18000,0,0,0.0,0.0,
50064,LICHSGFIN,0,28000,44000,0,0,0.0,16000.0,
50064,TATAPOWER,0,42525,42525,0,0,0.0,0.0,
50074,AXISBANK,0,57300,57300,0,0,0.0,0.0,
50074,BHEL,0,-259875,-354375,0,0,0.0,-94499.99999999999,
50074,IRCTC,22102,311990,334092,0,0,0.0,0.0,
50074,ZEEL,0,178200,178200,0,0,0.0,0.0,
50085,COALINDIA,0,54600,54600,0,0,0.0,0.0,
50087,ADANIENT,0,23280,23280,0,0,0.0,0.0,
50087,DEEPAKNTR,0,35812,35812,0,0,0.0,0.0,
50087,IRCTC,66306,61075,127381,0,0,0.0,0.0,
50091,ADANIENT,0,15520,15520,0,0,0.0,0.0,
50091,DEEPAKNTR,0,35812,35812,0,0,0.0,0.0,
50091,IRCTC,66306,61075,127381,0,0,0.0,0.0,
50093,BHEL,1174548,578235,1802133,0,0,0.0,49350.0,
50093,ESCORTS,0,-409530,-604560,0,0,0.0,-195030.0,
50101,HDFC,0,49020,49020,0,0,0.0,0.0,
50101,HDFCBANK,0,23320,23320,0,0,0.0,0.0,
50101,IRCTC,132612,208950,341562,0,0,0.0,0.0,
50103,BHEL,0,-285075,-404775,0,0,0.0,-119700.0,
50103,HDFC,0,42030,42030,0,0,0.0,0.0,
50103,HDFCBANK,0,49060,49060,0,0,0.0,0.0,
50105,IRCTC,44204,18943,63147,0,0,0.0,0.0,
50105,TATAPOWER,26471,16875,48240,0,0,0.0,4893.75,
50107,HDFC,0,52800,52800,0,0,0.0,0.0,
50107,IRCTC,44204,22837,67041,0,0,0.0,0.0,
50108,ADANIENT,0,4975,8750,0,0,0.0,3775.0,
50108,BHEL,180699,14174,187524,0,0,0.0,-7349.999999999999,
50108,DABUR,0,29625,44625,0,0,0.0,15000.0,
50108,HAVELLS,21813,-1350,16313,0,0,0.0,-4150.0,
50108,LTTS,27200,10350,37550,0,0,0.0,0.0,
50108,MRF,0,-28653,-68867,0,0,0.0,-40214.0,
50108,NIFTY,0,12010,14935,0,0,0.0,2925.0,
50108,RELIANCE,0,23337,40337,0,0,0.0,17000.0,
50108,WIPRO,0,15100,23100,0,0,0.0,8000.0,
50111,IRCTC,44204,69650,113854,0,0,0.0,0.0,
50116,BHEL,0,-300825,-436275,0,0,0.0,-135450.0,
50116,HDFC,0,29130,43830,0,0,0.0,14700.0,
50116,HDFCBANK,0,49912,75020,0,0,0.0,25107.5,
50118,HDFC,0,49020,49020,0,0,0.0,0.0,
50118,IRCTC,44204,22837,67041,0,0,0.0,0.0,
50119,HDFC,0,24360,36210,0,0,0.0,11850.0,
50121,HDFC,112616,232815,394076,0,0,0.0,48645.0,
50122,BHEL,0,-212625,-326025,0,0,0.0,-113400.0,
50122,TATAPOWER,0,-4725,-6918,0,0,0.0,-2193.750000000002,
50123,BHEL,180699,110144,290844,0,0,0.0,0.0,
50124,BANKNIFTY,0,36241,59057,0,0,0.0,22816.25,
50124,HDFC,0,49740,74460,0,0,0.0,24720.0,
50126,DELTACORP,26655,-222962,-363746,0,0,0.0,-167440.0,
50129,BPCL,0,9000,9000,0,0,0.0,0.0,
50129,HDFC,0,14010,14010,0,0,0.0,0.0,
50130,TATAPOWER,26471,61492,87964,0,0,0.0,0.0,
50134,BANDHANBNK,27612,46224,73836,0,0,0.0,0.0,
50134,TATASTEEL,31594,39737,71332,0,0,0.0,0.0,
50134,VOLTAS,14514,34265,48779,0,0,0.0,0.0,
50134,WIPRO,14098,27390,41488,0,0,0.0,0.0,
50135,HDFC,0,14010,14010,0,0,0.0,0.0,
50135,HDFCBANK,0,24530,24530,0,0,0.0,0.0,
50136,TATASTEEL,31594,40120,71714,0,0,0.0,0.0,
50138,IRCTC,44204,18943,63147,0,0,0.0,0.0,
50143,DELTACORP,106622,130870,237492,0,0,0.0,0.0,
50505,RAMCOCEM,0,-150960,-226270,0,0,0.0,-75310.0,
50506,RAMCOCEM,117229,46869,164098,0,0,0.0,0.0,
50514,EXIDEIND,140275,87696,243811,0,0,0.0,15840.0,
50514,PNB,360192,162240,541632,0,0,0.0,19200.0,
50516,EXIDEIND,140275,89136,253531,0,0,0.0,24120.0,
60003,ADANIENT,273077,84650,357727,0,0,0.0,0.0,
60003,ATUL,0,50782,77032,0,0,0.0,26250.0,
60003,BALRAMCHIN,0,13760,18400,0,0,0.0,4640.0,
60003,BANKBARODA,0,43290,65812,0,0,0.0,22522.5,
60003,BANKNIFTY,859678,88598,872624,0,0,0.0,-75652.5,
60003,BHEL,0,43050,47775,0,0,0.0,4725.0,
60003,COALINDIA,0,126000,178080,0,0,0.0,52080.0,
60003,CONCOR,0,38450,59700,0,0,0.0,21250.0,
60003,FINNIFTY,0,-16400,-64890,0,0,0.0,-48490.0,
60003,GMRINFRA,160256,122625,317756,0,0,0.0,34875.0,
60003,NIFTY,0,119165,77750,0,0,0.0,-41415.0,
60003,PEL,0,20253,29507,0,0,0.0,9253.75,
60003,RBLBANK,131293,301000,326043,0,0,0.0,-106250.0,
60003,RECLTD,0,61200,111600,0,0,0.0,50400.0,
60003,VEDL,51518,22924,74443,0,0,0.0,0.0,
60004,ADANIENT,68269,18425,86694,0,0,0.0,0.0,
60004,HDFCLIFE,45168,18920,64088,0,0,0.0,0.0,
60004,IEX,39466,42000,81466,0,0,0.0,0.0,
60004,RBLBANK,52517,343850,396367,0,0,0.0,0.0,
60004,RECLTD,0,-8800,-9600,0,0,0.0,-800.0,
60006,NIFTY,0,232585,198310,0,0,0.0,-34275.0,
60015,COALINDIA,0,56280,84000,0,0,0.0,27720.0,
60015,FINNIFTY,0,7158,4416,0,0,0.0,-2741.999999999999,
60015,HDFCLIFE,0,8690,12705,0,0,0.0,4015.0,
60015,PEL,0,5830,5830,0,0,0.0,0.0,
60015,RBLBANK,26258,103100,129358,0,0,0.0,0.0,
60015,RECLTD,0,-400,1200,0,0,0.0,1600.0,
60015,VOLTAS,14514,9875,24389,0,0,0.0,0.0,
60021,COALINDIA,0,28560,42840,0,0,0.0,14280.0,
60022,COALINDIA,0,25830,11340,0,0,0.0,-14490.0,
60032,BEL,21376,-741,20635,0,0,0.0,0.0,
60032,INFY,0,-24525,-36915,0,0,0.0,-12390.0,
60032,NMDC,27741,15577,73301,0,0,0.0,29982.499999999996,
60034,COALINDIA,0,28350,42420,0,0,0.0,14070.0,
60036,ASHOKLEY,0,4500,8000,0,0,0.0,3500.0,
60036,COALINDIA,0,29820,45360,0,0,0.0,15540.0,
60039,COALINDIA,0,57330,86100,0,0,0.0,28770.0,
60045,COALINDIA,0,27300,27300,0,0,0.0,0.0,
65001,IEX,0,21937,31687,0,0,0.0,9750.0,
65002,LT,86635,84978,171613,0,0,0.0,0.0,
65004,AMBUJACEM,0,143370,214020,0,0,0.0,70650.0,
65004,IEX,19733,44437,64170,0,0,0.0,0.0,
65004,TATACOMM,0,43175,63650,0,0,0.0,20475.0,
65005,AMBUJACEM,0,140490,208260,0,0,0.0,67770.0,
65005,IEX,19733,44437,64170,0,0,0.0,0.0,
65005,TATACOMM,0,42875,63050,0,0,0.0,20175.0,
65006,AMBUJACEM,0,109620,161100,0,0,0.0,51480.0,
65006,LT,64976,92640,159521,0,0,0.0,1905.0,
65007,ADANIPORTS,19241,46600,65841,0,0,0.0,0.0,
65007,AMBUJACEM,0,129060,129060,0,0,0.0,0.0,
65007,LT,0,61665,61665,0,0,0.0,0.0,
65007,M&M,0,45500,45500,0,0,0.0,0.0,
65007,NIFTY,0,2238750,2238750,0,0,0.0,0.0,
70005,BANKNIFTY,0,53300,78500,0,0,0.0,25200.0,
70010,NIFTY,0,77640,62160,0,0,0.0,-15480.0,
70011,FINNIFTY,430458,1344012,1892008,0,0,0.0,117538.0,
70011,NIFTY,0,-105900,-155370,0,0,0.0,-49470.0,
70017,BANKNIFTY,2321133,2978803,5984297,0,0,0.0,684361.25,
70020,BANKNIFTY,5587913,2750136,8338049,0,0,0.0,0.0,
70020,NIFTY,1703173,3457918,5161091,0,0,0.0,0.0,
70031,ALKEM,64435,264012,328447,0,0,0.0,0.0,
70031,PNB,1200640,338240,1538880,0,0,0.0,0.0,
70031,SIEMENS,26743,124525,151269,0,0,0.0,0.0,
80005,NIFTY,185127,205464,390591,0,0,0.0,0.0,
80007,FINNIFTY,6933457,2910320,9843777,0,0,0.0,0.0,
80007,NIFTY,0,272200,272200,0,0,0.0,0.0,
80020,NIFTY,0,7800,7800,0,0,0.0,0.0,
80022,NIFTY,333229,28836,362065,0,0,0.0,0.0,
80037,NIFTY,10663344,5906790,16570134,0,0,0.0,0.0,
80039,NIFTY,0,288750,288750,0,0,0.0,0.0,
80051,FINNIFTY,0,-15280,-18560,0,0,0.0,-3280.0,
80060,ABCAPITAL,25571,149040,174611,0,0,0.0,0.0,
80060,BANDHANBNK,0,7110,2340,0,0,0.0,-4770.0,
80060,BANKNIFTY,2600528,2624868,5043918,0,0,0.0,-181478.75,
80060,BEL,21376,111378,132754,0,0,0.0,0.0,
80060,BRITANNIA,29285,120952,150237,0,0,0.0,0.0,
80060,HAL,90824,260395,385656,0,0,0.0,34437.5,
80060,HINDUNILVR,26643,108471,135114,0,0,0.0,0.0,
80060,LTI,25926,148705,174631,0,0,0.0,0.0,
80060,LTTS,54401,323436,377837,0,0,0.0,0.0,
80060,NIFTY,148102,726697,884874,0,0,0.0,10075.0,
80060,RECLTD,0,-9200,-66400,0,0,0.0,-57200.0,
80060,TCS,62284,256152,318437,0,0,0.0,0.0,
80060,TITAN,34064,152943,187008,0,0,0.0,0.0,
80060,UPL,141441,266240,407681,0,0,0.0,0.0,
80116,ABB,54089,62850,116939,0,0,0.0,0.0,
80116,BANKNIFTY,2965892,8346886,11314666,0,0,0.0,1887.5,
80116,COALINDIA,68031,82824,150855,0,0,0.0,0.0,
80116,EICHERMOT,41822,46915,88738,0,0,0.0,0.0,
80116,SRF,89723,152711,242435,0,0,0.0,0.0,
80116,TRENT,72694,90552,163246,0,0,0.0,0.0,
80116,TVSMOTOR,76252,120736,196988,0,0,0.0,0.0,
80117,ABB,54089,62850,116939,0,0,0.0,0.0,
80117,BANKNIFTY,1482946,3231044,4713990,0,0,0.0,0.0,
80117,COALINDIA,68031,82824,150855,0,0,0.0,0.0,
80117,EICHERMOT,41822,46915,88738,0,0,0.0,0.0,
80117,SRF,89723,152711,242435,0,0,0.0,0.0,
80117,TVSMOTOR,76252,120736,196988,0,0,0.0,0.0,
80122,ACC,43876,198785,242661,0,0,0.0,0.0,
80122,ASHOKLEY,52062,300200,352262,0,0,0.0,0.0,
80122,BATAINDIA,65846,284372,350218,0,0,0.0,0.0,
80122,BERGEPAINT,71228,291720,362948,0,0,0.0,0.0,
80122,BHARATFORG,148233,805400,953633,0,0,0.0,0.0,
80122,BIOCON,45426,229402,274828,0,0,0.0,0.0,
80122,CHOLAFIN,220729,1380050,1600779,0,0,0.0,0.0,
80122,CONCOR,26703,143460,170163,0,0,0.0,0.0,
80122,CUMMINSIND,28964,129282,158246,0,0,0.0,0.0,
80122,GNFC,138138,1062165,1200303,0,0,0.0,0.0,
80122,HDFCLIFE,90336,393360,483696,0,0,0.0,0.0,
80122,INDHOTEL,181311,1071139,1252450,0,0,0.0,0.0,
80122,IRCTC,44204,279877,324081,0,0,0.0,0.0,
80122,PETRONET,109725,453150,562875,0,0,0.0,0.0,
80122,SIEMENS,26743,112813,139556,0,0,0.0,0.0,
80122,SYNGENE,42612,196900,239512,0,0,0.0,0.0,
80122,TATACHEM,144494,840080,984574,0,0,0.0,0.0,
80122,TATACONSUM,124291,542025,666316,0,0,0.0,0.0,
80122,TITAN,34064,152943,187008,0,0,0.0,0.0,
80122,VOLTAS,101601,491295,592896,0,0,0.0,0.0,
80138,BATAINDIA,131693,568744,700437,0,0,0.0,0.0,
80138,BERGEPAINT,71228,291720,362948,0,0,0.0,0.0,
80138,BHARATFORG,59293,322160,381453,0,0,0.0,0.0,
80138,BIOCON,45426,229402,274828,0,0,0.0,0.0,
80138,CHOLAFIN,63065,394300,457365,0,0,0.0,0.0,
80138,GNFC,27627,212433,240060,0,0,0.0,0.0,
80138,PETRONET,21945,90630,112575,0,0,0.0,0.0,
80138,TATACONSUM,223724,975645,1199369,0,0,0.0,0.0,
80138,VOLTAS,72572,350925,423497,0,0,0.0,0.0,
80139,BANKNIFTY,0,13275,13275,0,0,0.0,0.0,
85001,BANKNIFTY,859679,3306574,4182202,0,0,0.0,15948.75,
85002,BANKNIFTY,859679,3067015,3938568,0,0,0.0,11873.750000000004,
85003,BANKNIFTY,0,59271,116792,0,0,0.0,57521.25,
85004,BANKNIFTY,859679,3268502,4137134,0,0,0.0,8952.5,
85008,BANKNIFTY,859679,3303921,4177009,0,0,0.0,13408.75,
85017,BANKNIFTY,3438716,6410570,9849286,0,0,0.0,0.0,
85018,BANKNIFTY,0,6183,9982,0,0,0.0,3798.75,
85021,BANKNIFTY,0,27571,46172,0,0,0.0,18601.25,
85021,MARUTI,63136,9470,72606,0,0,0.0,0.0,
85021,NIFTY,833073,535766,1369510,0,0,0.0,670.0000000000018,
85021,RELIANCE,0,8675,13775,0,0,0.0,5100.0,
99000,AMBUJACEM,711459,6488280,7199739,0,0,0.0,0.0,
99000,BHEL,1445598,3433920,4879518,0,0,0.0,0.0,
99000,MARUTI,220977,966665,1187642,0,0,0.0,0.0,
99000,PNB,420224,1376480,1796704,0,0,0.0,0.0,
99000,TATAMOTORS,950657,6030486,6981143,0,0,0.0,0.0,
99000,TATAPOWER,847098,5134320,5981418,0,0,0.0,0.0,
99006,NIFTY,196235,929699,1125934,0,0,0.0,0.0,
A0017,ACC,43876,197865,241741,0,0,0.0,0.0,
A0017,ASHOKLEY,52062,299100,351162,0,0,0.0,0.0,
A0017,BATAINDIA,65846,282997,348843,0,0,0.0,0.0,
A0017,BERGEPAINT,71228,290235,361463,0,0,0.0,0.0,
A0017,BHARATFORG,148233,802300,950533,0,0,0.0,0.0,
A0017,BIOCON,45426,228482,273908,0,0,0.0,0.0,
A0017,CHOLAFIN,220729,1375412,1596142,0,0,0.0,0.0,
A0017,CONCOR,26703,142900,169603,0,0,0.0,0.0,
A0017,CUMMINSIND,28964,129888,158852,0,0,0.0,0.0,
A0017,GNFC,138138,1059240,1197378,0,0,0.0,0.0,
A0017,HDFCLIFE,90336,391468,481804,0,0,0.0,0.0,
A0017,INDHOTEL,181311,1067277,1248589,0,0,0.0,0.0,
A0017,IRCTC,44204,278950,323154,0,0,0.0,0.0,
A0017,PETRONET,109725,450900,560625,0,0,0.0,0.0,
A0017,SIEMENS,26743,112257,139001,0,0,0.0,0.0,
A0017,SYNGENE,42612,196020,238632,0,0,0.0,0.0,
A0017,TATACHEM,144494,837040,981534,0,0,0.0,0.0,
A0017,TATACONSUM,124291,539370,663661,0,0,0.0,0.0,
A0017,TITAN,34064,152235,186299,0,0,0.0,0.0,
A0017,VOLTAS,101601,489125,590726,0,0,0.0,0.0,
A0020,ADANIENT,68269,426560,494829,0,0,0.0,0.0,
A0020,ADANIPORTS,1539300,8440000,9979300,0,0,0.0,0.0,
A0020,AUROPHARMA,48725,267630,316355,0,0,0.0,0.0,
A0020,BANKBARODA,68734,352404,421138,0,0,0.0,0.0,
A0020,BANKNIFTY,7909046,1376732,9285778,0,0,0.0,0.0,
A0020,BHARATFORG,59293,320920,380213,0,0,0.0,0.0,
A0020,BHEL,1174548,2781870,3956418,0,0,0.0,0.0,
A0020,BPCL,61321,283284,344605,0,0,0.0,0.0,
A0020,BSOFT,26744,175656,202400,0,0,0.0,0.0,
A0020,CUMMINSIND,57928,258564,316492,0,0,0.0,0.0,
A0020,FINNIFTY,2306028,525942,2831970,0,0,0.0,0.0,
A0020,GAIL,149316,711412,860729,0,0,0.0,0.0,
A0020,GMRINFRA,64102,383850,447952,0,0,0.0,0.0,
A0020,GUJGASLTD,215293,1248250,1463543,0,0,0.0,0.0,
A0020,HDFC,197079,853734,1050813,0,0,0.0,0.0,
A0020,HDFCAMC,158976,727860,886836,0,0,0.0,0.0,
A0020,HDFCBANK,186838,752169,939007,0,0,0.0,0.0,
A0020,HDFCLIFE,293593,1272271,1565864,0,0,0.0,0.0,
A0020,HINDALCO,49738,314340,364079,0,0,0.0,0.0,
A0020,HINDCOPPER,189720,1429406,1619126,0,0,0.0,0.0,
A0020,IDEA,315560,3035200,3350760,0,0,0.0,0.0,
A0020,IDFCFIRSTB,91428,569250,660678,0,0,0.0,0.0,
A0020,INDIAMART,68978,457024,526003,0,0,0.0,0.0,
A0020,ITC,285852,594480,880332,0,0,0.0,0.0,
A0020,JINDALSTEL,341775,2366250,2708025,0,0,0.0,0.0,
A0020,KOTAKBANK,134988,559240,694228,0,0,0.0,0.0,
A0020,LTTS,27200,161154,188354,0,0,0.0,0.0,
A0020,MANAPPURAM,47544,298680,346224,0,0,0.0,0.0,
A0020,MARUTI,147318,314330,461648,0,0,0.0,0.0,
A0020,MCX,21851,124888,146739,0,0,0.0,0.0,
A0020,NATIONALUM,134589,916470,1051059,0,0,0.0,0.0,
A0020,NIFTY,4128343,7613325,11741668,0,0,0.0,0.0,
A0020,RAIN,87489,639520,727009,0,0,0.0,0.0,
A0020,RELIANCE,366464,1604800,1971264,0,0,0.0,0.0,
A0020,SAIL,262552,1725300,1987852,0,0,0.0,0.0,
A0020,SBIN,63777,150630,214407,0,0,0.0,0.0,
A0020,SRTRANSFIN,80649,483300,563949,0,0,0.0,0.0,
A0020,TATAMOTORS,1253139,7851579,9104718,0,0,0.0,0.0,
A0020,TATAPOWER,1561836,9704205,11266041,0,0,0.0,0.0,
A0020,TATASTEEL,31594,188530,220124,0,0,0.0,0.0,
A0020,TCS,1370266,5579227,6949493,0,0,0.0,0.0,
A0020,TITAN,204387,913410,1117797,0,0,0.0,0.0,
A0020,ULTRACEMCO,481180,1990200,2471380,0,0,0.0,0.0,
A0020,VOLTAS,29029,139750,168779,0,0,0.0,0.0,
A0034,L&TFH,81427,523928,605355,0,0,0.0,0.0,
A0034,NIFTY,277691,832837,1110528,0,0,0.0,0.0,
A0042,ABCAPITAL,51143,297000,348143,0,0,0.0,0.0,
A0042,ADANIPORTS,1000545,6178162,7178707,0,0,0.0,0.0,
A0042,AMBUJACEM,0,29070,29070,0,0,0.0,0.0,
A0042,APOLLOTYRE,35917,167825,203742,0,0,0.0,0.0,
A0042,ASHOKLEY,78093,448650,526743,0,0,0.0,0.0,
A0042,ASIANPAINT,217570,825770,1043340,0,0,0.0,0.0,
A0042,AXISBANK,74571,82776,157347,0,0,0.0,0.0,
A0042,BAJAJ-AUTO,0,85125,85125,0,0,0.0,0.0,
A0042,BANKBARODA,34367,341289,375656,0,0,0.0,0.0,
A0042,BANKNIFTY,429839,1464382,1894221,0,0,0.0,0.0,
A0042,BEL,0,72675,72675,0,0,0.0,0.0,
A0042,BHARATFORG,207527,1172200,1379727,0,0,0.0,0.0,
A0042,BHEL,0,91560,91560,0,0,0.0,0.0,
A0042,BPCL,20440,94428,114868,0,0,0.0,0.0,
A0042,CUMMINSIND,0,96840,96840,0,0,0.0,0.0,
A0042,DRREDDY,19329,30582,49911,0,0,0.0,0.0,
A0042,EICHERMOT,167290,702432,869723,0,0,0.0,0.0,
A0042,FEDERALBNK,0,102450,102450,0,0,0.0,0.0,
A0042,GNFC,27627,211848,239475,0,0,0.0,0.0,
A0042,GUJGASLTD,43058,135575,178633,0,0,0.0,0.0,
A0042,HAL,0,791171,791171,0,0,0.0,0.0,
A0042,HDFCBANK,62279,506220,568499,0,0,0.0,0.0,
A0042,HINDALCO,0,68423,68423,0,0,0.0,0.0,
A0042,ICICIBANK,0,52043,52043,0,0,0.0,0.0,
A0042,IEX,39466,162975,202441,0,0,0.0,0.0,
A0042,INDHOTEL,135983,289141,425125,0,0,0.0,0.0,
A0042,INDUSINDBK,74787,220419,295206,0,0,0.0,0.0,
A0042,INFY,51522,290736,342258,0,0,0.0,0.0,
A0042,IRCTC,0,44537,44537,0,0,0.0,0.0,
A0042,ITC,152454,724416,876870,0,0,0.0,0.0,
A0042,KOTAKBANK,0,42400,42400,0,0,0.0,0.0,
A0042,M&M,216227,920857,1137084,0,0,0.0,0.0,
A0042,MARUTI,284114,1336060,1620174,0,0,0.0,0.0,
A0042,NTPC,33865,75297,109162,0,0,0.0,0.0,
A0042,ONGC,18939,54169,73108,0,0,0.0,0.0,
A0042,PNB,0,101600,101600,0,0,0.0,0.0,
A0042,RELIANCE,366464,1188160,1554624,0,0,0.0,0.0,
A0042,SBIN,31888,112725,144613,0,0,0.0,0.0,
A0042,SUNPHARMA,101317,452424,553741,0,0,0.0,0.0,
A0042,TATACOMM,0,52650,52650,0,0,0.0,0.0,
A0042,TATAMOTORS,1598832,9984547,11583380,0,0,0.0,0.0,
A0042,TATAPOWER,1058872,6215332,7274205,0,0,0.0,0.0,
A0042,TATASTEEL,0,38420,38420,0,0,0.0,0.0,
A0042,TCS,106773,487822,594596,0,0,0.0,0.0,
A0042,TITAN,136258,482433,618692,0,0,0.0,0.0,
A0042,TORNTPOWER,0,66000,66000,0,0,0.0,0.0,
A0042,TVSMOTOR,50835,599375,650210,0,0,0.0,0.0,
A0042,UPL,0,236535,236535,0,0,0.0,0.0,
A0042,VEDL,34345,207917,242262,0,0,0.0,0.0,
A0042,WIPRO,14098,60380,74478,0,0,0.0,0.0,
A0042,ZEEL,0,143700,143700,0,0,0.0,0.0,
A1676,FINNIFTY,138361,401633,539995,0,0,0.0,0.0,
A1676,NIFTY,296204,495688,791892,0,0,0.0,0.0,
A1946,FINNIFTY,614940,1679985,2294926,0,0,0.0,0.0,
A1946,NIFTY,1258867,2071190,3330057,0,0,0.0,0.0,
A2684,ABCAPITAL,306860,211679,518540,0,0,0.0,0.0,
A2684,ACC,65815,296797,362612,0,0,0.0,0.0,
A2684,ADANIENT,375480,1302935,1678415,0,0,0.0,0.0,
A2684,ADANIPORTS,76965,422000,498965,0,0,0.0,0.0,
A2684,AMBUJACEM,106718,973242,1079960,0,0,0.0,0.0,
A2684,AUBANK,89285,533960,623245,0,0,0.0,0.0,
A2684,BAJFINANCE,59040,316150,375190,0,0,0.0,0.0,
A2684,BANKNIFTY,214919,471777,686696,0,0,0.0,0.0,
A2684,BHARTIARTL,168946,680637,849583,0,0,0.0,0.0,
A2684,BHEL,361399,465465,826864,0,0,0.0,0.0,
A2684,DELTACORP,26655,131629,158284,0,0,0.0,0.0,
A2684,DLF,45807,271920,317727,0,0,0.0,0.0,
A2684,ESCORTS,264304,817946,1082250,0,0,0.0,0.0,
A2684,GMRINFRA,0,18000,18000,0,0,0.0,0.0,
A2684,HDFCBANK,31139,125361,156501,0,0,0.0,0.0,
A2684,HINDCOPPER,241462,298936,540398,0,0,0.0,0.0,
A2684,IDFCFIRSTB,30476,190350,220826,0,0,0.0,0.0,
A2684,INDUSINDBK,654388,1099660,1754049,0,0,0.0,0.0,
A2684,ITC,38113,154912,193025,0,0,0.0,0.0,
A2684,L&TFH,27142,174642,201785,0,0,0.0,0.0,
A2684,LTI,77778,444496,522274,0,0,0.0,0.0,
A2684,MANAPPURAM,380352,491280,871632,0,0,0.0,0.0,
A2684,MCDOWELL-N,38909,184975,223884,0,0,0.0,0.0,
A2684,METROPOLIS,30371,192726,223097,0,0,0.0,0.0,
A2684,MFSL,106020,551505,657526,0,0,0.0,0.0,
A2684,MRF,62933,292298,355231,0,0,0.0,0.0,
A2684,NAVINFLUOR,68537,375907,444445,0,0,0.0,0.0,
A2684,NIFTY,851586,3819245,4670832,0,0,0.0,0.0,
A2684,OBEROIRLTY,109576,667485,777061,0,0,0.0,0.0,
A2684,PEL,23673,155619,179292,0,0,0.0,0.0,
A2684,PNB,60032,187200,247232,0,0,0.0,0.0,
A2684,RECLTD,641214,385920,1027134,0,0,0.0,0.0,
A2684,SBIN,127554,566580,694134,0,0,0.0,0.0,
A2684,SRF,89723,489510,579233,0,0,0.0,0.0,
A2684,TATAMOTORS,1642044,10381638,12023682,0,0,0.0,0.0,
A2684,TATAPOWER,211774,1279260,1491034,0,0,0.0,0.0,
A2684,TCS,17795,72457,90253,0,0,0.0,0.0,
A2684,TITAN,1430714,6393870,7824584,0,0,0.0,0.0,
A2684,ZEEL,163422,323460,486882,0,0,0.0,0.0,
395001001417110,BANKNIFTY,0,1002,2005,0,0,0.0,1002.5,
395006001811122,BAJFINANCE,29520,131471,177829,0,0,0.0,16837.5,
400064051026110,FINNIFTY,307470,69282,393434,0,0,0.0,16682.0,
400086001555110,MFSL,75729,246369,351998,0,0,0.0,29900.0,
40089B,BANKNIFTY,0,-2858,-5717,0,0,0.0,-2858.75,
40110,BANKNIFTY,0,-7902,-15805,0,0,0.0,-7902.5,
40195,NIFTY,555382,220491,770371,0,0,0.0,-5502.5,
40218,NIFTY,4665213,-8235,4539030,0,0,0.0,-117947.5,
40230,IEX,0,0,0,0,0,0.0,0.0,
50001,BANKNIFTY,0,89927,179855,0,0,0.0,89927.5,
50003,BHEL,451749,445830,971604,0,0,0.0,74025.0,
50010,BANKNIFTY,0,16298,32597,0,0,0.0,16298.749999999942,
50030,MFSL,0,-55445,-110890,0,0,0.0,-55445.0,
50034,MFSL,0,-3672,-7345,0,0,0.0,-3672.5000000000064,
50089,BANKNIFTY,0,2344,4689,0,0,0.0,2344.9999999999936,
50094,BANKNIFTY,0,11796,23592,0,0,0.0,11796.250000000002,
50099,BANKNIFTY,0,21608,43217,0,0,0.0,21608.75,
70010,BANKNIFTY,0,31786,63572,0,0,0.0,31786.25,
70016,BANKNIFTY,386855,2068772,2492453,0,0,0.0,36825.0,
70018,BANKNIFTY,0,8213,16427,0,0,0.0,8213.75,
70024,BANKNIFTY,0,7522,15045,0,0,0.0,7522.5,
70027,BANKNIFTY,171935,12568,138994,0,0,0.0,-45510.0,
70035,BANKNIFTY,0,6215,12430,0,0,0.0,6215.0,
80058,NIFTY,0,-12545,-25090,0,0,0.0,-12545.000000000004,
80111,NIFTY,0,-7454,-14909,0,0,0.0,-7454.999999999996,
80131,BANKNIFTY,0,5872,11745,0,0,0.0,5872.500000000003,
80132,NIFTY,0,-16155,-32310,0,0,0.0,-16155.000000000007,
80136,BANKNIFTY,0,439,879,0,0,0.0,439.9999999999989,
85023,NIFTY,0,1390,2780,0,0,0.0,1390.0,
111111111111110,AMBUJACEM,35572,324414,359986,0,0,0.0,0.0,
111111111111110,BANDHANBNK,13806,93780,107586,0,0,0.0,0.0,
111111111111110,BANKNIFTY,2579037,7443606,11704508,0,0,0.0,1681865.0,
111111111111110,DIVISLAB,17548,81514,99063,0,0,0.0,0.0,
111111111111110,GODREJPROP,14644,93141,107786,0,0,0.0,0.0,
111111111111110,NAUKRI,17301,109226,126527,0,0,0.0,0.0,
111111111111110,SAIL,192538,1265220,1457758,0,0,0.0,0.0,
20007,MARUTI,315682,214982,528704,0,0,0.0,-1960.0,
201301001507110,NIFTY,370255,961116,1365914,0,0,0.0,34542.5,
201301001508110,FINNIFTY,8301700,1714513,10005330,0,0,0.0,-10884.0,
30531,CANFINHOME,0,0,0,0,0,0.0,0.0,
30531,MRF,0,0,0,0,0,0.0,0.0,
30538,BIOCON,272556,338330,724276,0,0,0.0,113390.0,
333333333333122,LAURUSLABS,28677,159552,188229,0,0,0.0,0.0,
333333333333122,NAUKRI,103808,637888,873140,0,0,0.0,131443.75,
333333333333122,NIFTY,2795425,9138826,12031091,0,0,0.0,96840.0,
342301001741112,NIFTY,629433,126027,744670,0,0,0.0,-10789.999999999996,
342301001742112,NIFTY,2221530,239562,2481040,0,0,0.0,19947.5,
395001001423110,BANKNIFTY,8854693,438520,9031777,0,0,0.0,-261437.5,
395001352204127,NIFTY,74051,307026,391077,0,0,0.0,10000.0,
395006001811122,MARUTI,0,1910,3820,0,0,0.0,1910.0,
396445001851122,BANKNIFTY,0,0,0,0,0,0.0,0.0,
400064001938110,BANKNIFTY,0,-2313,-4627,0,0,0.0,-2313.75,
400064001941110,BANKNIFTY,0,-217,-434,0,0,0.0,-217.49999999999977,
400067001524110,BANKNIFTY,773711,1745935,2522984,0,0,0.0,3337.5,
40087,BANKNIFTY,0,11497,16532,0,0,0.0,5035.0,
401105001710012,BANKNIFTY,2149197,1158561,3376398,0,0,0.0,68638.75,
40177E,BANKNIFTY,0,42154,77737,0,0,0.0,35582.5,
40195,BANKNIFTY,193427,225169,-2537900,0,0,0.0,-2956497.5,
40195,BHARATFORG,88940,481380,570320,0,0,0.0,0.0,
40195,FINNIFTY,368964,1120278,771145,0,0,0.0,-718098.0,
40195,M&MFIN,29771,208840,238611,0,0,0.0,0.0,
40230,ASHOKLEY,0,0,0,0,0,0.0,0.0,
40230,MFSL,0,0,0,0,0,0.0,0.0,
40230,TATAMOTORS,0,0,0,0,0,0.0,0.0,
411048001133110,BANKNIFTY,0,4160,8320,0,0,0.0,4160.0,
50002,IBULHSGFIN,725287,1024120,2004807,0,0,0.0,255400.0,
50002,MFSL,0,-19792,-39585,0,0,0.0,-19792.5,
50014,BANKNIFTY,0,42877,85755,0,0,0.0,42877.5,
50023,BANKNIFTY,0,99,199,0,0,0.0,99.99999999998727,
50031,BHEL,271049,283185,594134,0,0,0.0,39900.0,
50034,BPCL,0,4410,8820,0,0,0.0,4410.0,
50045,TATAPOWER,0,1181,2362,0,0,0.0,1181.250000000001,
50056,TATAPOWER,0,168,337,0,0,0.0,168.75000000000182,
50064,RECLTD,0,4000,8000,0,0,0.0,4000.000000000002,
50097,BANKNIFTY,0,-1188,-2377,0,0,0.0,-1188.75,
50100,ABCAPITAL,0,3779,7559,0,0,0.0,3779.9999999999927,
50103,NIFTY,0,-267,-534,0,0,0.0,-267.49999999999955,
50105,BPCL,0,1260,2520,0,0,0.0,1260.0,
50116,NIFTY,0,-1087,-2175,0,0,0.0,-1087.500000000001,
50502,COROMANDEL,45097,-46522,-80104,0,0,0.0,-78680.0,
50505,PVR,26581,-23931,-42893,0,0,0.0,-45543.3,
50507,COROMANDEL,67645,-68488,-117567,0,0,0.0,-116725.0,
50511,PVR,0,3215,6430,0,0,0.0,3215.300000000003,
60003,ICICIPRULI,0,-675,-81750,0,0,0.0,-81075.0,
65004,BANKNIFTY,85967,152360,239718,0,0,0.0,1390.0,
65005,BANKNIFTY,0,1602,3205,0,0,0.0,1602.5000000000018,
70011,BANKNIFTY,0,43200,85838,0,0,0.0,42637.5,
70021,BANKNIFTY,0,10947,21895,0,0,0.0,10947.5,
70021,FINNIFTY,0,3524,7048,0,0,0.0,3524.0,
70026,BANKNIFTY,0,10400,20800,0,0,0.0,10400.0,
70030,BANKNIFTY,0,12626,25252,0,0,0.0,12626.249999999998,
70113,BANKNIFTY,0,16342,32685,0,0,0.0,16342.5,
80029,BHEL,0,0,0,0,0,0.0,0.0,
80078,BANKNIFTY,0,-1958,-3917,0,0,0.0,-1958.75,
80087,BANKNIFTY,1418470,2040669,3455487,0,0,0.0,-3652.5,
80091,BANKNIFTY,601775,2707693,3328838,0,0,0.0,19370.000000000004,
80096,BANKNIFTY,0,-14176,-65872,0,0,0.0,-51696.25000000001,
80096,NIFTY,74051,358434,428098,0,0,0.0,-4387.5,
80119,BANKNIFTY,0,3331,6662,0,0,0.0,3331.25,
85009,BANKNIFTY,429839,162870,592431,0,0,0.0,-278.7499999999982,
85011,NIFTY,4257932,2828163,7061411,0,0,0.0,-24685.0,
85012,NIFTY,592408,1582564,2172212,0,0,0.0,-2760.0,
85015,FINNIFTY,3766512,5496918,9416922,0,0,0.0,153492.0,
85024,BANKNIFTY,0,1363,2727,0,0,0.0,1363.7500000000018,
85024,NIFTY,370255,111009,478759,0,0,0.0,-2505.0,
201301001507110,FINNIFTY,0,-44952,-89904,0,0,0.0,-44952.0,
201301001516110,FINNIFTY,92241,-122,86093,0,0,0.0,-6026.0,
30506,BIOCON,0,5635,11270,0,0,0.0,5635.0,
30520,BIOCON,136278,230552,424100,0,0,0.0,57270.0,
30529,RECLTD,0,2000,4000,0,0,0.0,2000.0,
30531,ADANIPORTS,19241,105900,125141,0,0,0.0,0.0,
30531,NAUKRI,0,0,0,0,0,0.0,0.0,
30531,RECLTD,30534,17440,25974,0,0,0.0,-22000.0,
333333333333122,APOLLOTYRE,0,10325,20650,0,0,0.0,10325.0,
333333333333122,BANKNIFTY,429839,61994,444166,0,0,0.0,-47667.5,
333333333333122,CANBK,0,8235,16470,0,0,0.0,8235.0,
333333333333122,PFC,0,-42160,-176700,0,0,0.0,-134540.0,
333333333333122,RELIANCE,206136,699542,792928,0,0,0.0,-112750.0,
342301001429110,BANKNIFTY,0,91,182,0,0,0.0,91.24999999999955,
342301001742112,FINNIFTY,0,4342,8684,0,0,0.0,4342.0,
395001001007110,ABCAPITAL,25571,148500,174071,0,0,0.0,0.0,
395001001007110,ADANIPORTS,76965,31250,112840,0,0,0.0,4625.0,
395001001007110,APOLLOTYRE,143668,251721,469939,0,0,0.0,74550.0,
395001001127110,TATASTEEL,0,-425,-4037,0,0,0.0,-3612.5,
395001001321110,PNB,180096,166720,404416,0,0,0.0,57600.0,
395001001423110,FINNIFTY,322843,947851,1281911,0,0,0.0,11216.0,
395001001423110,IEX,98667,570187,668854,0,0,0.0,0.0,
395001001443110,APOLLOTYRE,0,0,0,0,0,0.0,0.0,
395001008101127,BANKNIFTY,0,758,1517,0,0,0.0,758.75,
395001008102127,BANKNIFTY,0,685,1370,0,0,0.0,685.0000000000007,
395003001858122,BANKNIFTY,300887,1668399,2181614,0,0,0.0,212327.5,
396445001854122,BANKNIFTY,0,-4766,-19641,0,0,0.0,-14875.0,
396445001854122,MFSL,15145,79111,94257,0,0,0.0,0.0,
400056001511110,NIFTY,0,-11990,-23980,0,0,0.0,-11990.0,
400067001496110,PETRONET,21945,90180,112125,0,0,0.0,0.0,
400093001202110,HINDPETRO,106808,596025,702833,0,0,0.0,0.0,
40177f,BANKNIFTY,5845817,1944827,7412732,0,0,0.0,-377912.5,
40177f,FINNIFTY,2075425,-62736,1933393,0,0,0.0,-79296.0,
40230,HDFCLIFE,0,0,0,0,0,0.0,0.0,
40230,L&TFH,0,0,0,0,0,0.0,0.0,
50001,PFC,88861,-127410,-279108,0,0,0.0,-240560.0,
50003,L&TFH,54284,102715,170385,0,0,0.0,13385.99999999998,
50003,TATAPOWER,105887,-33480,-73392,0,0,0.0,-145800.0,
50023,BHEL,0,-5775,-11550,0,0,0.0,-5775.0,
50031,MANAPPURAM,23772,-18060,-42888,0,0,0.0,-48600.00000000001,
50034,BHEL,0,40424,80849,0,0,0.0,40424.999999999985,
50035,IOC,0,0,-23400,0,0,0.0,-23400.0,
50056,BHEL,0,7350,14700,0,0,0.0,7350.0,
50078,MFSL,0,8645,17290,0,0,0.0,8645.0,
50081,BHEL,0,81900,163800,0,0,0.0,81900.0,
50100,BHEL,0,37800,75600,0,0,0.0,37800.000000000015,
50108,IEX,118400,237525,451550,0,0,0.0,95625.0,
50117,BHEL,271049,261870,625319,0,0,0.0,92400.0,
50121,RBLBANK,0,-1250,-2500,0,0,0.0,-1250.0,
50128,BHEL,0,1050,2100,0,0,0.0,1050.0,
50131,NIFTY,0,-307,-615,0,0,0.0,-307.50000000000045,
50503,COROMANDEL,45097,-45822,-78704,0,0,0.0,-77980.0,
80009,BANKNIFTY,0,-2366,-4732,0,0,0.0,-2366.25,
80025,BANKNIFTY,0,1790,3580,0,0,0.0,1790.0,
80029,NIFTY,0,-1139,-2279,0,0,0.0,-1139.9999999999964,
80037,BANKNIFTY,0,-392,-785,0,0,0.0,-392.5,
80038,BANKNIFTY,0,-3688,-9702,0,0,0.0,-6013.75,
80060,MARUTI,63136,276190,339326,0,0,0.0,0.0,
80061,NIFTY,0,4277,8554,0,0,0.0,4277.499999999998,
80078,NIFTY,0,1310,2620,0,0,0.0,1310.0,
80083,NIFTY,0,745,1490,0,0,0.0,745.0,
80092,NIFTY,0,-5472,-10945,0,0,0.0,-5472.5,
85014,NIFTY,370255,87414,452909,0,0,0.0,-4760.000000000002,
85016,NIFTY,370255,109781,476304,0,0,0.0,-3732.5,
111111111111110,IEX,236801,1368450,1605251,0,0,0.0,0.0,
111111111111110,L&TFH,27142,174642,201785,0,0,0.0,0.0,
111111111111110,VEDL,0,0,0,0,0,0.0,0.0,
30504,L&TFH,271423,554448,1012829,0,0,0.0,186957.80000000002,
30506,MARUTI,189409,226958,497407,0,0,0.0,81040.0,
30518,JSWSTEEL,171564,-144112,-253955,0,0,0.0,-281407.5,
30521,L&TFH,81427,147602,264725,0,0,0.0,35696.00000000007,
30530,MARUTI,599796,759647,1609798,0,0,0.0,250355.0,
30531,ASIANPAINT,21757,39724,57591,0,0,0.0,-3890.0,
30531,GMRINFRA,0,49500,99000,0,0,0.0,49500.0,
30531,SHREECEM,20303,94083,114387,0,0,0.0,0.0,
30533,GMRINFRA,256410,469800,852210,0,0,0.0,126000.0,
30533,L&TFH,325708,603887,1134847,0,0,0.0,205252.0,
333333333333122,ASIANPAINT,0,-400,-14200,0,0,0.0,-13800.0,
333333333333122,JINDALSTEL,45570,316425,361995,0,0,0.0,0.0,
360001004202122,BANKNIFTY,21491,125073,147542,0,0,0.0,977.5,
380007053107110,AMBUJACEM,71145,604170,740745,0,0,0.0,65430.0,
382355001018110,BANKNIFTY,0,1202,2405,0,0,0.0,1202.500000000001,
395001001007110,INFY,62972,85690,170102,0,0,0.0,21440.0,
395001001007110,TATAMOTORS,216058,532722,795663,0,0,0.0,46882.500000000015,
395001001127110,IEX,0,7312,14625,0,0,0.0,7312.500000000002,
395001001321110,L&TFH,0,-6246,-12493,0,0,0.0,-6246.799999999988,
395001001411110,IEX,0,9375,18750,0,0,0.0,9375.0,
395001001423110,GMRINFRA,32051,191925,223976,0,0,0.0,0.0,
395001001423110,RECLTD,30534,134000,164534,0,0,0.0,0.0,
395001001443110,BPCL,0,0,0,0,0,0.0,0.0,
395001001540110,BANKNIFTY,0,941,1882,0,0,0.0,941.2499999999991,
395001003202127,BANKNIFTY,0,-2636,-5272,0,0,0.0,-2636.249999999999,
395006001811122,FINNIFTY,61494,277290,355564,0,0,0.0,16780.0,
400064001516112,BANKNIFTY,0,-1416,-2832,0,0,0.0,-1416.249999999999,
400064001738112,BANKNIFTY,1311010,2523384,3849323,0,0,0.0,14928.75,
400067001496110,TITAN,68129,305887,374016,0,0,0.0,0.0,
400086001555110,NIFTY,74051,311113,385191,0,0,0.0,27.499999999999886,
400092001156110,TCS,0,255,510,0,0,0.0,255.0,
400104001855122,TATAMOTORS,43211,374746,546208,0,0,0.0,128250.0,
40177f,NIFTY,4443060,39522,4502920,0,0,0.0,20337.5,
40195,TITAN,68129,305887,374016,0,0,0.0,0.0,
40230,GRANULES,0,0,0,0,0,0.0,0.0,
40230,HEROMOTOCO,0,0,0,0,0,0.0,0.0,
40360,GMRINFRA,32051,192600,224651,0,0,0.0,0.0,
50001,ADANIENT,0,104750,209500,0,0,0.0,104750.0,
50001,ASIANPAINT,0,-1500,-3000,0,0,0.0,-1500.0,
50002,IEX,236801,487687,853301,0,0,0.0,128812.5,
50003,ASHOKLEY,0,-6000,-12000,0,0,0.0,-6000.0,
50016,L&TFH,81427,183745,337010,0,0,0.0,71838.19999999998,
50019,L&TFH,0,-33018,-66037,0,0,0.0,-33018.79999999998,
50023,ASIANPAINT,0,-500,-1000,0,0,0.0,-500.0,
50030,BHEL,1174548,879270,2367243,0,0,0.0,313425.0,
50030,IEX,493335,976500,1857960,0,0,0.0,388125.0,
50031,TATAPOWER,26471,-5670,-12948,0,0,0.0,-33750.0,
50034,DRREDDY,0,-7606,-15212,0,0,0.0,-7606.25,
50034,POWERGRID,0,-1350,-2700,0,0,0.0,-1350.0,
50045,HAL,0,-7600,-15200,0,0,0.0,-7600.0,
50052,ASIANPAINT,0,380,760,0,0,0.0,380.0000000000009,
50052,FINNIFTY,307470,806500,1109134,0,0,0.0,-4836.0,
50054,IEX,0,9000,18000,0,0,0.0,9000.0,
50056,ADANIENT,0,4025,8050,0,0,0.0,4025.0,
50056,IEX,0,8250,16500,0,0,0.0,8250.0,
50058,ADANIENT,0,3862,7725,0,0,0.0,3862.5,
50062,IOC,75092,-57817,-95825,0,0,0.0,-113100.0,
50064,ASIANPAINT,0,1510,-19180,0,0,0.0,-20690.0,
50064,BHEL,0,40950,81900,0,0,0.0,40950.0,
50064,EXIDEIND,0,-3600,-22500,0,0,0.0,-18900.0,
50074,IEX,217067,438075,790330,0,0,0.0,135187.5,
50078,APOLLOTYRE,287336,605535,1017996,0,0,0.0,125125.0,
50093,IEX,177600,351787,668325,0,0,0.0,138937.5,
50104,ADANIENT,0,4812,9625,0,0,0.0,4812.5,
50109,L&TFH,0,-13832,-27664,0,0,0.0,-13832.200000000004,
50117,IEX,177600,349725,664200,0,0,0.0,136875.0,
50122,NIFTY,111076,9932,121236,0,0,0.0,227.50000000000045,
50131,BANKNIFTY,0,120,240,0,0,0.0,120.0,
50502,HEROMOTOCO,0,-8700,-17400,0,0,0.0,-8700.0,
50502,L&TFH,0,-9370,-18740,0,0,0.0,-9370.199999999999,
50505,L&TFH,0,-6693,-13386,0,0,0.0,-6693.0,
50507,L&TFH,0,-16509,-33018,0,0,0.0,-16509.399999999976,
50516,L&TFH,0,0,0,0,0,0.0,-5.4569682106375694e-12,
60003,TATAMOTORS,108029,12468,105393,0,0,0.0,-15105.0,
60016,JINDALSTEL,0,1500,3000,0,0,0.0,1500.0,
65004,ADANIENT,0,1137,2275,0,0,0.0,1137.5,
70031,L&TFH,81427,178390,326301,0,0,0.0,66483.79999999997,
80070,BANKNIFTY,0,-16003,-32007,0,0,0.0,-16003.75,
80094,BANKNIFTY,0,-14480,-28960,0,0,0.0,-14480.0,
80094,NIFTY,0,130,260,0,0,0.0,130.0,
85006,FINNIFTY,1537352,655717,2190198,0,0,0.0,-2872.0,
111111111111127,BANKNIFTY,6017753,15979429,21559822,0,0,0.0,-437360.0,
201301001532110,BANKNIFTY,0,130,260,0,0,0.0,130.0,
201301001532110,FINNIFTY,0,-1094,-2188,0,0,0.0,-1094.0,
30506,IBULHSGFIN,0,800,1600,0,0,0.0,800.0,
30531,HINDALCO,16579,105124,121703,0,0,0.0,0.0,
30538,BANKNIFTY,365363,1057507,1497816,0,0,0.0,74945.0,
333333333333122,FINNIFTY,0,-1683,-17177,0,0,0.0,-15494.0,
333333333333122,INDIGO,0,-8700,-75270,0,0,0.0,-66570.0,
333333333333122,SBILIFE,0,2062,4125,0,0,0.0,2062.5000000000036,
380007053107110,ADANIPORTS,38482,104093,160982,0,0,0.0,18406.25,
380007053107110,M&M,30889,135912,192526,0,0,0.0,25725.0,
395001001007110,BHEL,180699,228480,473754,0,0,0.0,64575.0,
395001001127110,BHEL,0,8400,16800,0,0,0.0,8400.0,
395001001174110,BANKNIFTY,1762341,4805829,6729831,0,0,0.0,161660.0,
395001001174110,NIFTY,37025,174061,211086,0,0,0.0,0.0,
395001001411110,BHEL,0,-1050,-2100,0,0,0.0,-1050.0,
395001001844122,L&TFH,0,-6246,-72730,0,0,0.0,-66483.79999999999,
395001009001110,FINNIFTY,0,-6120,-16088,0,0,0.0,-9968.0,
395001009002110,FINNIFTY,0,-1958,-4966,0,0,0.0,-3008.0,
395001009004110,FINNIFTY,0,-1442,-3934,0,0,0.0,-2492.0,
395001009006110,FINNIFTY,0,-2788,-7676,0,0,0.0,-4888.0,
395001009007110,FINNIFTY,0,-846,-1692,0,0,0.0,-846.0000000000009,
395001009008110,FINNIFTY,0,-1780,-4610,0,0,0.0,-2830.0,
395001009014110,FINNIFTY,0,-11946,-28092,0,0,0.0,-16146.0,
395001352204127,BANKNIFTY,0,503,1007,0,0,0.0,503.75,
395009001042110,NIFTY,18512,77109,101022,0,0,0.0,5400.0,
395009009012110,FINNIFTY,0,-2316,-5682,0,0,0.0,-3366.0,
396445001851122,MPHASIS,0,0,0,0,0,0.0,0.0,
396445001851122,SIEMENS,0,0,0,0,0,0.0,0.0,
400056001511110,FINNIFTY,0,2033,4067,0,0,0.0,2033.999999999999,
400067001496110,BHARATFORG,59293,320920,380213,0,0,0.0,0.0,
400104001855122,INFY,17174,80082,118106,0,0,0.0,20850.0,
40089A,TCS,0,0,0,0,0,0.0,0.0,
40195,RAMCOCEM,117229,596037,713266,0,0,0.0,0.0,
40218,BAJFINANCE,0,0,0,0,0,0.0,0.0,
40218,HDFC,84462,367632,452094,0,0,0.0,0.0,
40230,BAJFINANCE,0,0,0,0,0,0.0,0.0,
50001,BALKRISIND,0,-5655,-57660,0,0,0.0,-52005.0,
50001,DLF,0,-165,-330,0,0,0.0,-165.0,
50001,HAL,0,-45956,-428402,0,0,0.0,-382446.25,
50002,BANKNIFTY,0,25880,51760,0,0,0.0,25880.0,
50002,CONCOR,213626,-132370,-295094,0,0,0.0,-376350.0,
50002,DLF,0,1897,3795,0,0,0.0,1897.5000000000036,
50010,DLF,0,18809,37619,0,0,0.0,18809.999999999993,
50014,DLF,0,1650,3300,0,0,0.0,1650.0,
50014,HAL,0,-35530,-71060,0,0,0.0,-35530.0,
50016,DLF,0,330,660,0,0,0.0,330.0,
50023,DLF,0,1402,2804,0,0,0.0,1402.499999999999,
50023,HAL,0,-9025,-18050,0,0,0.0,-9025.0,
50030,DLF,114518,-240240,-559589,0,0,0.0,-433867.5,
50031,ASHOKLEY,26031,-2250,-16218,0,0,0.0,-40000.0,
50031,BANKNIFTY,386855,841667,1235679,0,0,0.0,7156.25,
50031,L&TFH,0,-1338,-2677,0,0,0.0,-1338.5999999999913,
50031,PNB,240128,286880,611008,0,0,0.0,84000.0,
50034,CONCOR,0,4550,9100,0,0,0.0,4550.0,
50034,DLF,0,-330,-660,0,0,0.0,-330.0,
50034,MRF,534932,883189,1491391,0,0,0.0,73270.0,
50035,DLF,0,-20542,-66165,0,0,0.0,-45622.5,
50045,DLF,0,1815,3630,0,0,0.0,1815.0,
50046,DLF,0,-13200,-26400,0,0,0.0,-13200.0,
50052,DLF,0,4620,9240,0,0,0.0,4620.0,
50056,BALKRISIND,0,-2055,-4110,0,0,0.0,-2055.0,
50058,DLF,0,-1155,-2310,0,0,0.0,-1155.0,
50059,DLF,0,0,0,0,0,0.0,0.0,
50063,DLF,0,-30772,-152130,0,0,0.0,-121357.5,
50064,ASHOKLEY,0,-5000,-27500,0,0,0.0,-22500.0,
50064,BALKRISIND,0,-1230,-24090,0,0,0.0,-22860.0,
50064,DLF,0,0,0,0,0,0.0,1.8189894035458565e-12,
50064,MARUTI,0,-2900,-17625,0,0,0.0,-14725.0,
50074,BANKNIFTY,0,3885,7770,0,0,0.0,3885.0000000000036,
50074,DLF,0,412,825,0,0,0.0,412.5,
50079,DLF,0,-1072,-2145,0,0,0.0,-1072.5,
50079,IEX,118400,236212,448925,0,0,0.0,94312.5,
50081,BANKNIFTY,0,-7755,-15510,0,0,0.0,-7755.0,
50081,IEX,0,3750,7500,0,0,0.0,3750.0,
50090,BANKNIFTY,0,-3710,-7420,0,0,0.0,-3710.0,
50090,DLF,0,-1155,-2310,0,0,0.0,-1155.0,
50091,IOC,0,-975,-1950,0,0,0.0,-975.0,
50093,RBLBANK,0,-3500,-7000,0,0,0.0,-3500.0,
50094,DLF,0,2722,5445,0,0,0.0,2722.5,
50097,BHEL,90349,-122115,-217615,0,0,0.0,-185850.0,
50097,DLF,0,495,990,0,0,0.0,495.0,
50101,DLF,0,-990,-1980,0,0,0.0,-990.0000000000036,
50104,IEX,0,2250,4500,0,0,0.0,2250.0,
50105,DLF,0,495,990,0,0,0.0,495.0,
50124,DLF,0,330,660,0,0,0.0,330.0,
50130,DLF,0,577,1155,0,0,0.0,577.5,
50130,IEX,118400,236400,449300,0,0,0.0,94500.0,
50503,L&TFH,0,-5354,-10708,0,0,0.0,-5354.4,
50510,L&TFH,0,-4462,-8924,0,0,0.0,-4462.000000000016,
50511,L&TFH,0,0,0,0,0,0.0,0.0,
50515,L&TFH,0,-1784,-3569,0,0,0.0,-1784.800000000003,
60021,RELIANCE,0,1112,2225,0,0,0.0,1112.5,
65005,ADANIENT,0,2025,4050,0,0,0.0,2025.0,
80015,NIFTY,0,-1245,-2490,0,0,0.0,-1245.0,
80029,ASHOKLEY,0,500,1000,0,0,0.0,500.0,
80087,MRF,0,4589,9179,0,0,0.0,4589.5,
85003,NIFTY,0,257,515,0,0,0.0,257.5,
20003,IEX,0,0,0,0,0,0.0,0.0,
30522,GMRINFRA,224358,351900,661758,0,0,0.0,85500.0,
333333333333122,BPCL,20440,10170,31330,0,0,0.0,720.0,
333333333333122,PERSISTENT,41693,212127,289520,0,0,0.0,35700.0,
333333333333122,TATASTEEL,0,-1912,-37612,0,0,0.0,-35700.0,
333333333333122,WIPRO,28196,120560,143756,0,0,0.0,-5000.0,
342301001410110,NIFTY,0,-355,-710,0,0,0.0,-355.0,
395001001007110,HINDALCO,64775,269388,365663,0,0,0.0,31500.0,
395001001007110,TATACOMM,0,-4000,-16800,0,0,0.0,-12800.0,
395001001321110,TATAPOWER,52943,4758,-3385,0,0,0.0,-61087.5,
395001001443110,BANKNIFTY,2922908,10187883,13097596,0,0,0.0,-13196.25,
395001001443110,NIFTY,74051,364306,474957,0,0,0.0,36600.0,
395001009002110,ICICIGI,0,1338,2677,0,0,0.0,1338.75,
395001009005110,FINNIFTY,0,-4534,-11168,0,0,0.0,-6634.0,
395001009005110,ICICIGI,0,765,1530,0,0,0.0,765.0,
395001009006110,ICICIGI,0,977,1955,0,0,0.0,977.5,
395001009008110,ICICIGI,0,1126,2252,0,0,0.0,1126.25,
395003001139110,APOLLOTYRE,0,0,0,0,0,0.0,0.0,
395009009012110,ICICIGI,0,1615,3230,0,0,0.0,1615.0000000000005,
400064001743112,BANKNIFTY,429839,1626375,2055389,0,0,0.0,-825.0,
400064051023110,BANKNIFTY,429839,1626850,2056339,0,0,0.0,-350.0,
400064051024110,BANKNIFTY,429839,1626736,2056112,0,0,0.0,-463.75,
400086001555110,UPL,35360,150514,207649,0,0,0.0,21775.0,
400093001202110,PFC,88861,382416,471277,0,0,0.0,0.0,
400104001855122,TATAPOWER,0,-7087,-102600,0,0,0.0,-95512.5,
400104001855122,TITAN,34064,32167,78100,0,0,0.0,11868.75,
401105001710112,BANKNIFTY,730727,734762,1484989,0,0,0.0,19500.0,
40230,BAJAJ-AUTO,0,0,0,0,0,0.0,0.0,
40230,JKCEMENT,0,0,0,0,0,0.0,0.0,
40360,FINNIFTY,0,3848,7696,0,0,0.0,3848.0,
50001,MCDOWELL-N,0,10718,21437,0,0,0.0,10718.75,
50001,PAGEIND,0,-710,-1420,0,0,0.0,-710.25,
50002,IRCTC,0,-2712,-5425,0,0,0.0,-2712.5,
50010,DELTACORP,0,-13340,-26680,0,0,0.0,-13340.0,
50010,IRCTC,0,-13650,-27300,0,0,0.0,-13650.0,
50014,DELTACORP,0,-29440,-58880,0,0,0.0,-29440.0,
50019,GMRINFRA,352563,535725,1009788,0,0,0.0,121500.0,
50020,BHEL,0,525,1050,0,0,0.0,525.0,
50020,INDUSINDBK,0,45,90,0,0,0.0,45.0,
50020,IRCTC,0,-568,-1137,0,0,0.0,-568.75,
50023,DELTACORP,0,-23575,-47150,0,0,0.0,-23575.0,
50023,GODREJPROP,0,-1787,-3575,0,0,0.0,-1787.5,
50030,CONCOR,106813,-107320,-597807,0,0,0.0,-597300.0,
50030,GODREJPROP,0,-1446,-8206,0,0,0.0,-6760.0,
50030,IRCTC,640959,-33381,485384,0,0,0.0,-122193.75,
50031,NIFTY,203640,298920,507698,0,0,0.0,5137.5,
50034,RECLTD,213738,349760,673898,0,0,0.0,110400.0,
50056,ABCAPITAL,0,-540,-1080,0,0,0.0,-540.0,
50056,MRF,0,-2618,-5237,0,0,0.0,-2618.5,
50062,MRF,0,1062,-30274,0,0,0.0,-31337.000000000004,
50064,IRCTC,0,8574,17149,0,0,0.0,8574.999999999996,
50064,MCDOWELL-N,0,4687,9375,0,0,0.0,4687.5,
50078,BANKNIFTY,0,-3347,-6695,0,0,0.0,-3347.5,
50079,IRCTC,0,-2231,-4462,0,0,0.0,-2231.25,
50079,RELIANCE,0,-212,-425,0,0,0.0,-212.5,
50089,DELTACORP,0,-16790,-33580,0,0,0.0,-16790.0,
50091,TATAMOTORS,0,-2493,-4987,0,0,0.0,-2493.749999999998,
50094,DELTACORP,0,-32315,-64630,0,0,0.0,-32315.0,
50097,IRCTC,0,-4462,-8925,0,0,0.0,-4462.5,
50097,RELIANCE,0,-225,-450,0,0,0.0,-225.0,
50099,FINNIFTY,0,-2496,-4992,0,0,0.0,-2496.0,
50100,DELTACORP,0,-14720,-29440,0,0,0.0,-14720.0,
50101,APOLLOHOSP,0,831,1662,0,0,0.0,831.25,
50101,BHEL,0,49350,98700,0,0,0.0,49350.0,
50105,AMBUJACEM,71145,146916,209691,0,0,0.0,-8370.0,
50114,DELTACORP,0,8280,16560,0,0,0.0,8280.0,
50119,DELTACORP,0,-8625,-17250,0,0,0.0,-8625.0,
50121,DELTACORP,0,-10810,-21620,0,0,0.0,-10810.0,
50121,IRCTC,0,-4375,-8750,0,0,0.0,-4375.0,
50124,DELTACORP,0,-11270,-22540,0,0,0.0,-11270.0,
50503,RAMCOCEM,39076,-44897,-79515,0,0,0.0,-73695.0,
50504,TATAPOWER,52943,-11171,-25558,0,0,0.0,-67331.25,
50510,TATAPOWER,52943,-8640,-20496,0,0,0.0,-64800.0,
50514,TATAPOWER,26471,-6345,-42985,0,0,0.0,-63112.5,
60003,ABCAPITAL,51143,-25434,-24510,0,0,0.0,-50220.0,
60003,APOLLOTYRE,107751,-28980,-85378,0,0,0.0,-164150.0,
60003,BPCL,0,1890,3780,0,0,0.0,1890.0,
60003,NAUKRI,0,-6506,-13012,0,0,0.0,-6506.25,
60004,FINNIFTY,0,-5424,-13578,0,0,0.0,-8154.0,
60036,FINNIFTY,0,-1084,-2168,0,0,0.0,-1084.0,
70045,BANKNIFTY,0,652,1305,0,0,0.0,652.5,
80025,NIFTY,0,-3775,-7550,0,0,0.0,-3775.0,
80044,BANKNIFTY,0,-114297,-228595,0,0,0.0,-114297.5,
80078,FINNIFTY,0,32742,65484,0,0,0.0,32742.0,
80081,NIFTY,0,100,200,0,0,0.0,100.00000000000023,
80087,NIFTY,333229,171495,502264,0,0,0.0,-2460.0000000000036,
111111111111110,ADANIENT,750961,4692160,5443121,0,0,0.0,0.0,
20003,IRCTC,66306,419816,486122,0,0,0.0,0.0,
30538,ACC,21938,10330,13555,0,0,0.0,-18712.5,
333333333333122,GODREJPROP,0,-2502,-23871,0,0,0.0,-21368.750000000004,
333333333333122,IBULHSGFIN,0,-4600,-29200,0,0,0.0,-24600.0,
380007053107110,NIFTY,6664590,14554560,22259940,0,0,0.0,1040790.0,
394340001864122,IRCTC,0,-7918,-46462,0,0,0.0,-38543.75,
395001001007110,BHARATFORG,0,-600,-25200,0,0,0.0,-24600.0,
395001001007110,UPL,35360,41535,86710,0,0,0.0,9815.0,
395001001443110,BAJAJFINSV,0,0,0,0,0,0.0,0.0,
395001001468110,BHEL,0,7875,15750,0,0,0.0,7875.000000000004,
395001001844122,BANKNIFTY,0,29355,-153790,0,0,0.0,-183145.0,
395001008102127,ACC,0,-2212,-4425,0,0,0.0,-2212.5,
395003001406110,RELIANCE,0,-1012,-2025,0,0,0.0,-1012.5,
395003001848122,BANKNIFTY,0,425,850,0,0,0.0,425.0,
395003001860122,BANKNIFTY,0,111,-1202,0,0,0.0,-1313.75,
395006001811122,BANKNIFTY,0,1603,3207,0,0,0.0,1603.75,
396445001851122,TATACONSUM,0,0,0,0,0,0.0,0.0,
400064001740112,BANKNIFTY,515807,1579780,2087567,0,0,0.0,-8020.0,
400064051026110,NIFTY,1295892,388376,1675346,0,0,0.0,-8922.5,
400067001496110,RAMCOCEM,39076,198679,237755,0,0,0.0,0.0,
400093001202110,IRCTC,176816,1115800,1292616,0,0,0.0,0.0,
400093005203122,BANKNIFTY,21491,135272,171981,0,0,0.0,15217.5,
400104001855122,BANKNIFTY,64475,131604,206185,0,0,0.0,10105.0,
400104001855122,VOLTAS,0,-2275,-17775,0,0,0.0,-15500.0,
40089A,ACC,109692,496962,606654,0,0,0.0,0.0,
40195,INDHOTEL,90655,533638,624294,0,0,0.0,0.0,
40195,VOLTAS,0,-1625,-12150,0,0,0.0,-10525.0,
40218,FINNIFTY,0,900,1800,0,0,0.0,900.0000000000002,
40218,HINDUNILVR,0,0,0,0,0,0.0,0.0,
40230,BPCL,0,0,0,0,0,0.0,0.0,
50019,JKCEMENT,0,-100,-200,0,0,0.0,-100.0,
50020,CONCOR,80109,17150,-640,0,0,0.0,-97900.0,
50020,IEX,0,9750,19500,0,0,0.0,9750.0,
50030,DELTACORP,213244,398038,714782,0,0,0.0,103500.0,
50043,GODREJPROP,0,-1121,-18183,0,0,0.0,-17062.5,
50045,GODREJPROP,0,-1121,-18183,0,0,0.0,-17062.5,
50052,IRCTC,44204,-3981,23991,0,0,0.0,-16231.25,
50056,IRCTC,0,-1225,-2450,0,0,0.0,-1225.0,
50059,IRCTC,0,-1268,-2537,0,0,0.0,-1268.75,
50087,APOLLOHOSP,0,-6,-12,0,0,0.0,-6.25,
50087,IEX,0,-375,-750,0,0,0.0,-375.0,
50091,APOLLOHOSP,0,-100,-200,0,0,0.0,-100.0,
50091,PIDILITIND,0,125,250,0,0,0.0,125.0,
50093,GMRINFRA,0,30375,60750,0,0,0.0,30375.000000000004,
50094,AUROPHARMA,0,50,100,0,0,0.0,50.0,
50094,BHEL,0,29400,58800,0,0,0.0,29400.0,
50097,HDFC,140770,255177,422617,0,0,0.0,26670.0,
50101,IEX,0,1500,3000,0,0,0.0,1500.0,
50124,IRCTC,0,-393,-787,0,0,0.0,-393.75,
50514,HINDCOPPER,0,-9546,-128226,0,0,0.0,-118680.0,
50516,TATAPOWER,0,-675,-30037,0,0,0.0,-29362.5,
60003,IRCTC,44204,-8618,-30170,0,0,0.0,-65756.25,
80070,NIFTY,0,-2677,-5355,0,0,0.0,-2677.5,
80087,ADANIENT,0,-1125,-2250,0,0,0.0,-1125.0,
80132,BANKNIFTY,0,-8443,-16887,0,0,0.0,-8443.750000000002,
85003,FINNIFTY,0,2472,4944,0,0,0.0,2472.0,
20008,MARUTI,473523,322923,793956,0,0,0.0,-2490.0,
333333333333122,POWERGRID,0,0,0,0,0,0.0,0.0,
342301001429110,NIFTY,0,90,180,0,0,0.0,90.00000000000006,
380007053107110,APOLLOTYRE,0,0,0,0,0,0.0,0.0,
395001001007110,BANKNIFTY,0,-124,-249,0,0,0.0,-124.99999999999999,
395001001007110,RELIANCE,458080,469808,1055063,0,0,0.0,127175.0,
395001001423110,NIFTY,1092252,1838455,3103045,0,0,0.0,172337.5,
395001001443110,CHAMBLFERT,0,0,0,0,0,0.0,0.0,
395001001807122,BANKNIFTY,429839,2591100,3210939,0,0,0.0,190000.0,
395001001844122,NIFTY,0,-32,-7340,0,0,0.0,-7307.5,
395001008101127,ACC,0,-2137,-4275,0,0,0.0,-2137.5,
395003001406110,CANBK,0,810,1620,0,0,0.0,810.0,
400104001855122,GODREJPROP,14644,92049,86430,0,0,0.0,-20263.75,
40195,TATACHEM,18061,104630,122691,0,0,0.0,0.0,
40218,ACC,0,0,0,0,0,0.0,0.0,
40230,APOLLOHOSP,0,0,0,0,0,0.0,0.0,
50001,AARTIIND,0,-1402,-21080,0,0,0.0,-19677.5,
50001,TATACHEM,0,-1825,-20150,0,0,0.0,-18325.0,
50023,AARTIIND,0,17,-2108,0,0,0.0,-2125.0,
50023,TATACHEM,0,-500,-8950,0,0,0.0,-8450.0,
50034,ASIANPAINT,43514,330,-3765,0,0,0.0,-47610.0,
50048,AARTIIND,0,1275,-11474,0,0,0.0,-12750.0,
50051,TATAMOTORS,0,-641,-1282,0,0,0.0,-641.25,
50052,IEX,118400,231150,438800,0,0,0.0,89250.0,
50052,PIDILITIND,0,1562,3125,0,0,0.0,1562.5,
50058,IEX,0,-375,-750,0,0,0.0,-375.0,
50061,IEX,19733,7950,28620,0,0,0.0,937.5,
50062,BANKNIFTY,171935,6460,176445,0,0,0.0,-1950.0,
50063,WIPRO,0,200,400,0,0,0.0,200.0,
50064,AARTIIND,0,2465,-10029,0,0,0.0,-12495.0,
50064,TATACHEM,0,-450,-17400,0,0,0.0,-16950.0,
50103,INFY,51522,-4545,20112,0,0,0.0,-26865.0,
50108,ADANIPORTS,0,-437,-875,0,0,0.0,-437.5,
50121,RELIANCE,0,2512,5025,0,0,0.0,2512.5,
50122,INFY,51522,-1005,42492,0,0,0.0,-8025.0,
50124,RELIANCE,0,-812,-1625,0,0,0.0,-812.5,
50126,INFY,0,15,30,0,0,0.0,15.0,
50126,RELIANCE,0,600,1200,0,0,0.0,600.0,
50508,PNB,360192,346240,834432,0,0,0.0,128000.0,
50515,PNB,360192,341440,824832,0,0,0.0,123200.0,
60003,INTELLECT,0,3187,6375,0,0,0.0,3187.500000000002,
60003,RELIANCE,0,775,1550,0,0,0.0,775.0,
60006,FINNIFTY,0,-9830,-19660,0,0,0.0,-9830.0,
60016,CANBK,0,-269,-539,0,0,0.0,-269.99999999999636,
60036,CANBK,0,945,1890,0,0,0.0,945.0,
65001,BANKNIFTY,300887,425666,726497,0,0,0.0,-56.25,
65006,BANKNIFTY,85967,150050,235098,0,0,0.0,-920.0000000000002,
80112,BANKNIFTY,0,-1990,-3980,0,0,0.0,-1990.000000000001,
80132,FINNIFTY,0,1240,2480,0,0,0.0,1240.0,
85012,BANKNIFTY,0,-493,-987,0,0,0.0,-493.7500000000009,
85024,FINNIFTY,0,-1646,-3292,0,0,0.0,-1646.0,
111111111111110,HDFCBANK,0,0,0,0,0,0.0,0.0,
20011,MARUTI,315682,214982,528704,0,0,0.0,-1960.0,
20014,BANKNIFTY,0,298,597,0,0,0.0,298.7500000000002,
201301001516110,BANKNIFTY,0,-2026,-4052,0,0,0.0,-2026.250000000001,
333333333333122,MARUTI,0,8045,16090,0,0,0.0,8045.0,
382355001852122,NIFTY,0,-37,-1555,0,0,0.0,-1517.5,
395001001423110,LTI,25926,148165,174091,0,0,0.0,0.0,
395001001844122,AXISBANK,0,-900,-18780,0,0,0.0,-17880.0,
395001001844122,BAJFINANCE,0,-431,-20050,0,0,0.0,-19618.75,
395001001844122,ICICIBANK,0,618,-13681,0,0,0.0,-14300.0,
395001001844122,KOTAKBANK,0,-1520,-18100,0,0,0.0,-16580.0,
395001001844122,MARUTI,0,500,-16800,0,0,0.0,-17300.0,
395001001844122,RELIANCE,0,-1015,-19690,0,0,0.0,-18675.0,
395001001844122,SBIN,0,-750,-10125,0,0,0.0,-9375.0,
395001001844122,TATAMOTORS,0,-926,-14535,0,0,0.0,-13608.75,
395001001844122,WIPRO,0,-2430,-11880,0,0,0.0,-9450.0,
400064001940110,BANKNIFTY,0,2078,4157,0,0,0.0,2078.7500000000027,
400104001855122,ZEEL,27237,134670,168657,0,0,0.0,6750.0,
40218,COALINDIA,34015,170940,204955,0,0,0.0,0.0,
40284,GRASIM,28846,125808,154655,0,0,0.0,0.0,
50003,IDFCFIRSTB,0,18750,37500,0,0,0.0,18750.0,
50019,POLYCAB,160656,-128201,-223280,0,0,0.0,-255735.0,
50061,INFY,17174,2733,19412,0,0,0.0,-495.0,
50064,NAUKRI,0,-4056,-30362,0,0,0.0,-26306.25,
50064,TECHM,0,-4560,-30120,0,0,0.0,-25560.0,
50090,TATACONSUM,0,-1800,-3600,0,0,0.0,-1800.0,
50097,LICHSGFIN,53655,146200,202855,0,0,0.0,3000.0,
50100,BANKNIFTY,0,-4431,-8862,0,0,0.0,-4431.25,
50121,BANKNIFTY,0,7786,15572,0,0,0.0,7786.25,
50122,IEX,19733,7950,28620,0,0,0.0,937.5,
50126,ASIANPAINT,0,210,420,0,0,0.0,210.0,
50126,WIPRO,0,100,200,0,0,0.0,100.0,
50127,BANKNIFTY,0,1056,2112,0,0,0.0,1056.249999999999,
50510,HINDCOPPER,17247,-989,-11476,0,0,0.0,-27735.0,
60003,LTI,0,-6075,-12150,0,0,0.0,-6075.0,
60034,BANKNIFTY,171935,313410,484511,0,0,0.0,-835.0,
65006,EICHERMOT,104556,45809,147654,0,0,0.0,-2712.5,
70018,BANDHANBNK,27612,53694,78876,0,0,0.0,-2430.0,
80002,BANKNIFTY,0,4069,8139,0,0,0.0,4069.999999999998,
80029,BANKNIFTY,0,-667,-1335,0,0,0.0,-667.5000000000018,
20003,NIFTY,370255,1857530,2446785,0,0,0.0,219000.0,
20005,ACC,0,-14850,-90700,0,0,0.0,-75850.0,
20005,IEX,59200,342112,401312,0,0,0.0,0.0,
20008,BANKNIFTY,0,-1,-2,0,0,0.0,-1.25,
20010,WIPRO,56392,39540,93732,0,0,0.0,-2200.0,
342301001741112,BANKNIFTY,945646,448966,1391572,0,0,0.0,-3041.25,
360001004202122,CANBK,0,0,0,0,0,0.0,0.0,
382355001840122,BANKNIFTY,0,680,1360,0,0,0.0,680.0,
382355001852122,INFY,0,60,-435,0,0,0.0,-495.0,
400086001555110,BANDHANBNK,27612,188136,215748,0,0,0.0,0.0,
50030,BANKNIFTY,601775,3231935,3904838,0,0,0.0,71127.5,
50034,BANKNIFTY,0,-13,-27,0,0,0.0,-13.749999999999545,
50034,FINNIFTY,0,-920,-1840,0,0,0.0,-920.0,
50046,BANKNIFTY,0,6132,12265,0,0,0.0,6132.5,
50051,GODREJPROP,14644,-2518,-9649,0,0,0.0,-21775.0,
50059,BANKNIFTY,0,222,445,0,0,0.0,222.50000000000045,
50108,BANKNIFTY,0,251,502,0,0,0.0,251.25,
50121,NIFTY,0,-295,-590,0,0,0.0,-295.0000000000009,
50124,NIFTY,0,-770,-1540,0,0,0.0,-770.0,
60021,BANKNIFTY,85967,156796,242438,0,0,0.0,-326.25,
60022,BANKNIFTY,85967,156806,242458,0,0,0.0,-316.25,
60032,GNFC,27627,49517,99959,0,0,0.0,22815.00000000001,
20005,CONCOR,534065,2858000,3392065,0,0,0.0,0.0,
30529,NIFTY,0,0,0,0,0,0.0,0.0,
395001001127110,BANKNIFTY,0,513,1027,0,0,0.0,513.75,
395009001560110,BANDHANBNK,55225,376272,431497,0,0,0.0,0.0,
396445001853122,BANKNIFTY,21491,136395,173262,0,0,0.0,15375.0,
396445001853122,INDUSINDBK,0,0,0,0,0,0.0,0.0,
400093001202110,ICICIPRULI,47470,225510,272980,0,0,0.0,0.0,
400093005204122,BANKNIFTY,0,790,1580,0,0,0.0,790.0,
400093005204122,NIFTY,37025,157226,198584,0,0,0.0,4332.5,
400104001855122,LT,21658,-855,2053,0,0,0.0,-18750.0,
50001,FINNIFTY,0,22514,45028,0,0,0.0,22514.0,
50061,NIFTY,0,150,300,0,0,0.0,150.0,
50093,M&MFIN,0,-400,-64000,0,0,0.0,-63600.0,
50093,MANAPPURAM,0,-899,-28499,0,0,0.0,-27599.999999999996,
50093,MUTHOOTFIN,0,0,-36000,0,0,0.0,-36000.0,
50128,GMRINFRA,128205,266400,469980,0,0,0.0,75375.0,
50504,POLYCAB,0,-1065,-2130,0,0,0.0,-1065.0,
50514,POLYCAB,26776,-14274,-29977,0,0,0.0,-42480.0,
50516,POLYCAB,26776,-18231,-29284,0,0,0.0,-37830.0,
60016,HAL,0,1021,2042,0,0,0.0,1021.25,
60032,TATASTEEL,15797,46707,98629,0,0,0.0,36125.0,
70010,FINNIFTY,0,14474,28948,0,0,0.0,14474.0,
80072,BANKNIFTY,0,-104,-209,0,0,0.0,-104.99999999999909,
80072,NIFTY,0,757,-16085,0,0,0.0,-16842.5,
80104,FINNIFTY,1229881,178398,1547813,0,0,0.0,139534.0,
85005,FINNIFTY,0,29480,58960,0,0,0.0,29480.0,
85012,FINNIFTY,276723,635017,912722,0,0,0.0,982.0,
85014,FINNIFTY,0,162,324,0,0,0.0,162.0,
85016,FINNIFTY,0,752,1504,0,0,0.0,752.0,
111111111111110,NIFTY,2221530,5185037,8565725,0,0,0.0,1159157.5,
333333333333122,BHARATFORG,29646,160460,190106,0,0,0.0,0.0,
333333333333122,BHEL,271049,526995,861044,0,0,0.0,63000.0,
333333333333122,TATACONSUM,0,-360,-720,0,0,0.0,-360.0,
380007053107110,LT,64976,220593,317384,0,0,0.0,31815.0,
380007053107110,TATASTEEL,0,-1700,-3400,0,0,0.0,-1700.0,
395001001423110,HDFCLIFE,90336,391468,481804,0,0,0.0,0.0,
395003001525110,FINNIFTY,30747,1871,34236,0,0,0.0,1618.0,
396445001851122,IEX,0,0,0,0,0,0.0,0.0,
396445001851122,INDUSINDBK,18696,116927,135624,0,0,0.0,0.0,
50063,NIFTY,0,167,335,0,0,0.0,167.5,
50119,BANKNIFTY,0,500,1000,0,0,0.0,500.0000000000009,
50128,BANKNIFTY,0,1523,3047,0,0,0.0,1523.75,
50510,POLYCAB,26776,-15204,-31837,0,0,0.0,-43410.0,
60016,LT,21658,-1305,-1156,0,0,0.0,-21510.0,
60032,SRTRANSFIN,26883,43284,89907,0,0,0.0,19740.0,
85010,BANKNIFTY,859679,3286730,4147777,0,0,0.0,1367.5,
85010,FINNIFTY,0,478,956,0,0,0.0,478.0,
85018,NIFTY,0,1595,3190,0,0,0.0,1595.0000000000036,
395003001406110,BANKNIFTY,0,111,222,0,0,0.0,111.24999999999997,
400093001158110,NIFTY,0,-1655,-5825,0,0,0.0,-4170.0,
400104001855122,SHREECEM,20303,100619,142592,0,0,0.0,21668.75,
50056,NIFTY,0,717,1435,0,0,0.0,717.5000000000073,
50108,GUJGASLTD,0,-375,-750,0,0,0.0,-375.0,
50127,RELIANCE,0,-87,-175,0,0,0.0,-87.5,
50504,NIFTY,0,-210,-420,0,0,0.0,-210.0,
80096,RELIANCE,0,0,0,0,0,0.0,0.0,
80104,BANKNIFTY,1031614,4473439,5512845,0,0,0.0,7791.25,
85020,FINNIFTY,415085,957630,1379293,0,0,0.0,6578.0,
111111111111127,NIFTY,925637,4191825,5316462,0,0,0.0,199000.0,
333333333333122,SRF,0,750,-35250,0,0,0.0,-36000.0,
382355001840122,RELIANCE,22904,100792,123696,0,0,0.0,0.0,
395001001007110,AXISBANK,74571,181512,279063,0,0,0.0,22980.0,
395001001007110,CUMMINSIND,0,6210,-11790,0,0,0.0,-18000.0,
400093001202110,GAIL,388223,1849672,2237895,0,0,0.0,0.0,
400093005203122,NIFTY,0,-1450,-5415,0,0,0.0,-3965.0,
400093005203122,RELIANCE,22904,79522,110501,0,0,0.0,8074.999999999999,
400104001855122,MUTHOOTFIN,14148,70436,95685,0,0,0.0,11100.0,
400104001855122,NIFTY,18512,75285,104262,0,0,0.0,10465.0,
40218,GAIL,29863,142923,172786,0,0,0.0,0.0,
411048001133110,NIFTY,314716,1479518,1794235,0,0,0.0,0.0,
50001,CUMMINSIND,0,6600,13200,0,0,0.0,6600.0,
50116,INFY,34348,-1590,21388,0,0,0.0,-11370.0,
50126,UBL,0,-1320,-2640,0,0,0.0,-1320.0,
50504,PNB,360192,331840,810432,0,0,0.0,118400.0,
50505,PNB,600320,681920,1514240,0,0,0.0,232000.0,
50510,PNB,180096,164320,396416,0,0,0.0,52000.0,
50516,PNB,360192,397280,902272,0,0,0.0,144800.0,
60036,CUMMINSIND,28964,5922,33956,0,0,0.0,-930.0,
80072,BAJFINANCE,0,-2193,-4387,0,0,0.0,-2193.75,
80096,MARUTI,0,0,0,0,0,0.0,0.0,
85009,NIFTY,0,1947,3895,0,0,0.0,1947.5,
85022,BANKNIFTY,859679,2101348,2959143,0,0,0.0,-1883.75,
85022,NIFTY,0,1945,3890,0,0,0.0,1945.0,
20005,MARUTI,0,-10775,-103550,0,0,0.0,-92775.0,
20008,INDUSINDBK,0,225,450,0,0,0.0,225.00000000000045,
30522,BIOCON,136278,227792,418580,0,0,0.0,54510.0,
395001001423110,TECHM,181465,851280,1032745,0,0,0.0,0.0,
395001001443110,ASHOKLEY,0,0,0,0,0,0.0,0.0,
395001001844122,IEX,59200,343350,402550,0,0,0.0,0.0,
395003001140110,L&TFH,407135,572028,1132656,0,0,0.0,153492.80000000002,
50001,IBULHSGFIN,193410,331720,628130,0,0,0.0,103000.0,
50014,NIFTY,0,7760,15520,0,0,0.0,7760.0,
50019,BANKNIFTY,0,2121,4242,0,0,0.0,2121.25,
50023,IBULHSGFIN,918697,1231880,2528177,0,0,0.0,377600.0,
50051,NIFTY,0,-42,-85,0,0,0.0,-42.5,
50052,IBULHSGFIN,338467,613760,1128427,0,0,0.0,176200.0,
50094,GUJGASLTD,0,0,0,0,0,0.0,0.0,
50117,POLYCAB,0,1260,2520,0,0,0.0,1260.0,
60032,LALPATHLAB,21245,22697,54155,0,0,0.0,10212.5,
85001,NIFTY,0,1007,2015,0,0,0.0,1007.5,
85002,NIFTY,0,695,1390,0,0,0.0,695.0,
85008,NIFTY,0,1277,2555,0,0,0.0,1277.5,
85010,NIFTY,0,195,390,0,0,0.0,195.0,
20008,FINNIFTY,1214508,2996141,4208083,0,0,0.0,-2566.0,
333333333333122,INFY,0,60,-435,0,0,0.0,-495.0,
333333333333122,MGL,0,1200,2400,0,0,0.0,1200.0,
333333333333122,TATAMOTORS,0,-142,-25649,0,0,0.0,-25507.499999999996,
395001001007110,INDUSINDBK,93484,100616,219975,0,0,0.0,25875.0,
395001001423110,IBULHSGFIN,0,-2200,-4400,0,0,0.0,-2200.0,
395001001443110,DELTACORP,0,0,0,0,0,0.0,0.0,
395001001844122,RECLTD,0,-400,-6800,0,0,0.0,-6400.0,
396445001853122,MFSL,15145,78786,93932,0,0,0.0,0.0,
400067001496110,TATACONSUM,0,0,0,0,0,0.0,0.0,
40195,TATACONSUM,24858,107874,132732,0,0,0.0,0.0,
50001,IGL,0,-4125,-8250,0,0,0.0,-4125.0,
50001,TATACONSUM,0,-3150,-6300,0,0,0.0,-3150.0,
50002,GUJGASLTD,0,-937,-1875,0,0,0.0,-937.5,
50002,MCDOWELL-N,0,8218,16437,0,0,0.0,8218.75,
50014,GUJGASLTD,0,3187,6375,0,0,0.0,3187.5,
50014,IBULHSGFIN,918697,1692360,3002057,0,0,0.0,391000.0,
50020,BANKNIFTY,0,122,245,0,0,0.0,122.5,
50023,MCDOWELL-N,0,1750,3500,0,0,0.0,1750.0,
50030,IBULHSGFIN,1305517,1826080,3650197,0,0,0.0,518600.0,
50030,IGL,0,-8043,-36712,0,0,0.0,-28668.75,
50030,MCDOWELL-N,0,13343,26687,0,0,0.0,13343.75,
50035,NAUKRI,0,-162,-325,0,0,0.0,-162.5,
50043,TATACONSUM,0,7560,15120,0,0,0.0,7560.000000000002,
50046,IBULHSGFIN,0,12800,25600,0,0,0.0,12800.0,
50052,MCDOWELL-N,0,-4625,-9250,0,0,0.0,-4625.0,
50055,IBULHSGFIN,0,4600,9200,0,0,0.0,4600.0,
50056,IBULHSGFIN,0,2000,4000,0,0,0.0,2000.0,
50059,IGL,0,343,687,0,0,0.0,343.75,
50059,MCDOWELL-N,0,31,62,0,0,0.0,31.25,
50074,IBULHSGFIN,0,14000,28000,0,0,0.0,14000.0,
50079,IBULHSGFIN,338467,411680,850547,0,0,0.0,100400.0,
50081,IBULHSGFIN,0,7800,15600,0,0,0.0,7800.0,
50087,IBULHSGFIN,0,6200,12400,0,0,0.0,6200.0,
50090,MCDOWELL-N,0,-843,-1687,0,0,0.0,-843.75,
50093,IBULHSGFIN,967050,1484600,2800250,0,0,0.0,348600.0,
50100,MCDOWELL-N,0,-1250,-2500,0,0,0.0,-1250.0,
50101,IBULHSGFIN,338467,412280,851747,0,0,0.0,101000.0,
50108,IBULHSGFIN,870345,1104280,2194425,0,0,0.0,219800.0,
50121,GUJGASLTD,0,625,1250,0,0,0.0,625.0,
50121,MCDOWELL-N,0,-437,-875,0,0,0.0,-437.5,
50124,IBULHSGFIN,386820,562640,1066260,0,0,0.0,116799.99999999999,
50124,MCDOWELL-N,0,3375,6750,0,0,0.0,3375.0,
50502,MCDOWELL-N,0,-62,-125,0,0,0.0,-62.5,
60003,MCDOWELL-N,0,-2812,-33125,0,0,0.0,-30312.5,
60003,TATACONSUM,0,675,1350,0,0,0.0,675.0,
80015,BANKNIFTY,0,1420,2840,0,0,0.0,1420.0,
80060,AMBUJACEM,71145,127566,162261,0,0,0.0,-36450.0,
80060,DELTACORP,26655,132020,158675,0,0,0.0,0.0,
80087,MCDOWELL-N,0,-125,-250,0,0,0.0,-125.0,
85014,BANKNIFTY,0,477,955,0,0,0.0,477.50000000000045,
85016,BANKNIFTY,0,806,1612,0,0,0.0,806.2500000000005,
20007,FINNIFTY,338217,904628,1242014,0,0,0.0,-832.0,
333333333333122,MPHASIS,0,-315,-3167,0,0,0.0,-2852.5,
333333333333122,SBIN,95665,83055,178495,0,0,0.0,-225.0,
395001001007110,BANKBARODA,0,-292,-9067,0,0,0.0,-8775.0,
395001001007110,TCS,258037,366954,700074,0,0,0.0,75082.5,
395001001127110,INDIACEM,97825,248646,400266,0,0,0.0,53795.0,
395001001423110,SRF,29907,95512,131232,0,0,0.0,5812.5,
395001003202127,FINNIFTY,1844822,369316,2246374,0,0,0.0,32236.0,
395001008101127,APOLLOTYRE,107751,183820,350721,0,0,0.0,59150.0,
401105001710112,SRF,29907,95550,131307,0,0,0.0,5850.0,
40195,BERGEPAINT,23742,97240,120982,0,0,0.0,0.0,
40195,CONCOR,26703,143460,170163,0,0,0.0,0.0,
40218,GRANULES,24962,148060,173022,0,0,0.0,0.0,
40360,ABFRL,56529,320580,377109,0,0,0.0,0.0,
50001,CONCOR,0,25550,51100,0,0,0.0,25550.0,
50001,EXIDEIND,0,0,-27540,0,0,0.0,-27540.0,
50001,GRANULES,0,-7700,-15400,0,0,0.0,-7700.0,
50001,UBL,0,-2560,-42640,0,0,0.0,-40080.0,
50002,GRANULES,0,-2700,-5400,0,0,0.0,-2700.0,
50010,CONCOR,0,33250,66500,0,0,0.0,33250.0,
50014,CONCOR,80109,-68830,-169470,0,0,0.0,-180750.0,
50016,CONCOR,0,2200,4400,0,0,0.0,2200.0,
50019,CONCOR,0,3500,7000,0,0,0.0,3500.0,
50023,CONCOR,0,-1100,-2200,0,0,0.0,-1100.0,
50023,UBL,0,-1480,-2960,0,0,0.0,-1480.0,
50030,GRANULES,0,-12800,-25600,0,0,0.0,-12800.000000000015,
50034,APOLLOTYRE,359170,818965,1365385,0,0,0.0,187250.0,
50035,CONCOR,0,500,-29500,0,0,0.0,-30000.0,
50046,CONCOR,0,5750,11500,0,0,0.0,5750.0,
50055,CONCOR,0,0,0,0,0,0.0,0.0,
50058,CONCOR,0,8050,16100,0,0,0.0,8050.0,
50059,CONCOR,0,1700,3400,0,0,0.0,1700.0,
50061,CONCOR,0,6500,13000,0,0,0.0,6500.0,
50063,CONCOR,0,10150,20300,0,0,0.0,10150.0,
50064,PIDILITIND,0,-800,-17950,0,0,0.0,-17150.0,
50074,CONCOR,106813,-112420,-213107,0,0,0.0,-207500.0,
50079,CONCOR,53406,-10670,-30813,0,0,0.0,-73550.0,
50081,CONCOR,53406,-54460,-103053,0,0,0.0,-102000.0,
50084,CONCOR,0,100,200,0,0,0.0,100.0,
50087,CONCOR,0,4950,9900,0,0,0.0,4950.0,
50090,CONCOR,0,-550,-1100,0,0,0.0,-550.0,
50093,CONCOR,0,8350,16700,0,0,0.0,8350.0,
50094,CONCOR,0,-600,-1200,0,0,0.0,-600.0,
50097,CONCOR,53406,-47960,-90053,0,0,0.0,-95500.0,
50100,CONCOR,0,0,0,0,0,0.0,0.0,
50100,HCLTECH,0,-280,-560,0,0,0.0,-280.0,
50101,CONCOR,0,-3600,-27000,0,0,0.0,-23400.0,
50103,CONCOR,0,-6490,-52490,0,0,0.0,-46000.0,
50108,CONCOR,26703,-60760,-174356,0,0,0.0,-140300.0,
50109,CONCOR,0,550,1100,0,0,0.0,550.0,
50121,CONCOR,26703,-33090,-66586,0,0,0.0,-60200.0,
50124,CONCOR,26703,-29420,-60616,0,0,0.0,-57900.0,
50126,APOLLOTYRE,0,-175,-350,0,0,0.0,-175.0,
50126,MCDOWELL-N,0,312,625,0,0,0.0,312.5,
50130,CONCOR,0,1600,3200,0,0,0.0,1600.0,
50502,CONCOR,0,0,0,0,0,0.0,0.0,
50504,BANKNIFTY,0,160,320,0,0,0.0,160.0,
60003,GRANULES,0,-1400,-2800,0,0,0.0,-1400.0,
60015,APOLLOTYRE,35917,-10184,-31667,0,0,0.0,-57399.99999999999,
60015,MCDOWELL-N,0,-937,-4375,0,0,0.0,-3437.5,
60032,CROMPTON,19173,11925,15198,0,0,0.0,-15900.0,
60036,MCDOWELL-N,0,-843,-4187,0,0,0.0,-3343.75,
80115,FINNIFTY,0,392,784,0,0,0.0,392.0,
85011,FINNIFTY,0,2254,4508,0,0,0.0,2254.0,
20008,BIOCON,45426,8878,46714,0,0,0.0,-7590.0,
20014,FINNIFTY,599567,1406932,2005009,0,0,0.0,-1490.0,
395001003202127,NIFTY,1777224,-3395,1711394,0,0,0.0,-62435.0,
395001009008110,IBULHSGFIN,96705,127280,241985,0,0,0.0,18000.0,
40087,FINNIFTY,0,2172,4344,0,0,0.0,2172.0,
50048,BALKRISIND,0,0,-9270,0,0,0.0,-9270.0,
50063,BPCL,0,1800,-9000,0,0,0.0,-10800.0,
50131,INFY,17174,-90,9554,0,0,0.0,-7530.0,
50503,PNB,0,0,0,0,0,0.0,0.0,
60021,MCDOWELL-N,0,-375,-3250,0,0,0.0,-2875.0,
60032,ADANIPORTS,19241,34575,69878,0,0,0.0,16062.5,
80029,IOC,0,0,0,0,0,0.0,0.0,
80091,NIFTY,0,3162,6325,0,0,0.0,3162.5,
85005,BANKNIFTY,2407101,9391273,11803698,0,0,0.0,5323.75,
20014,BIOCON,22713,4324,23127,0,0,0.0,-3910.0,
333333333333122,BANDHANBNK,41419,55836,96535,0,0,0.0,-720.0000000000005,
333333333333122,CIPLA,0,-292,-13097,0,0,0.0,-12805.0,
342301001429110,FINNIFTY,0,98,196,0,0,0.0,98.0,
382355001840122,NIFTY,0,17132,34265,0,0,0.0,17132.5,
395001001048010,BANKNIFTY,21491,126313,154775,0,0,0.0,6970.0,
395001001411110,INDIACEM,97825,251981,406936,0,0,0.0,57130.0,
395003001406110,FINNIFTY,30747,2482,35119,0,0,0.0,1890.0,
395003001858122,NIFTY,92563,444132,627948,0,0,0.0,91252.5,
40360,DALBHARAT,30487,176090,206577,0,0,0.0,0.0,
50043,RBLBANK,78776,-5200,-76673,0,0,0.0,-150250.0,
50054,TATASTEEL,15797,-18190,-35330,0,0,0.0,-32937.5,
50056,CONCOR,0,-900,-1800,0,0,0.0,-900.0,
50101,ADANIENT,0,-1612,-3225,0,0,0.0,-1612.5,
50502,PNB,360192,339040,820032,0,0,0.0,120800.0,
50504,EXIDEIND,70137,104112,210969,0,0,0.0,36720.0,
50509,PNB,360192,336640,815232,0,0,0.0,118400.0,
60004,APOLLOTYRE,107751,30065,126091,0,0,0.0,-11725.0,
60021,FINNIFTY,30747,2384,34721,0,0,0.0,1590.0,
60032,ITC,38113,22672,71585,0,0,0.0,10800.0,
60034,FINNIFTY,61494,4982,70274,0,0,0.0,3798.0,
80029,RECLTD,0,0,0,0,0,0.0,0.0,
80029,TATASTEEL,0,0,0,0,0,0.0,0.0,
80060,RELIANCE,22904,101287,124191,0,0,0.0,0.0,
85006,NIFTY,2776912,1777161,4550383,0,0,0.0,-3690.0,
111111111111110,ASIANPAINT,21757,91304,113061,0,0,0.0,0.0,
111111111111110,BAJAJFINSV,28589,156500,185089,0,0,0.0,0.0,
111111111111110,KOTAKBANK,26997,112408,139405,0,0,0.0,0.0,
111111111111110,MARICO,20422,83351,103774,0,0,0.0,0.0,
111111111111110,TVSMOTOR,50835,254758,305593,0,0,0.0,0.0,
201301001508110,NIFTY,8663967,328905,9064737,0,0,0.0,71865.0,
395001001844122,APOLLOTYRE,107751,683234,790985,0,0,0.0,0.0,
395006001811122,RELIANCE,0,312,-15875,0,0,0.0,-16187.5,
396445001851122,WIPRO,0,500,-20000,0,0,0.0,-20500.0,
40218,MRF,0,0,0,0,0,0.0,0.0,
50019,DALBHARAT,60975,353900,415325,0,0,0.0,450.0,
50051,ABCAPITAL,0,-270,-16740,0,0,0.0,-16470.0,
50054,INDIACEM,97825,251401,405776,0,0,0.0,56550.0,
50061,DLF,45807,5329,50394,0,0,0.0,-742.5,
50064,HINDUNILVR,0,0,-825,0,0,0.0,-825.0,
50103,DLF,22903,2623,25114,0,0,0.0,-412.5,
50103,IBULHSGFIN,193410,307120,578930,0,0,0.0,78400.0,
50116,IBULHSGFIN,290115,460280,867595,0,0,0.0,117200.0,
50119,IBULHSGFIN,338467,409280,845747,0,0,0.0,98000.0,
50122,DLF,22903,2623,25114,0,0,0.0,-412.5,
50127,ABCAPITAL,0,-540,-33480,0,0,0.0,-32940.0,
50131,IBULHSGFIN,96705,154160,290665,0,0,0.0,39800.0,
50505,DALBHARAT,213413,436945,784508,0,0,0.0,134150.0,
50514,DALBHARAT,91462,179725,324187,0,0,0.0,53000.0,
50516,DALBHARAT,91462,180150,325037,0,0,0.0,53425.0,
60039,FINNIFTY,0,-12,-1120,0,0,0.0,-1108.0,
70017,FINNIFTY,0,-46,-95042,0,0,0.0,-94996.0,
80113,JINDALSTEL,113925,791062,904987,0,0,0.0,0.0,
80113,JSWSTEEL,171564,951952,1123517,0,0,0.0,0.0,
80113,NMDC,69353,436840,506193,0,0,0.0,0.0,
80113,SUNTV,255176,1354050,1609226,0,0,0.0,0.0,
85005,NIFTY,0,-3630,-7260,0,0,0.0,-3630.0,
